title,link,published,source
Trump admin preps spectrum for 6G - Fierce Network,https://news.google.com/rss/articles/CBMiekFVX3lxTE0zZEV1bTg2N2pPYVF5aFJSak9vd19rYUNWRkYzOVRWWWNWTHhZc0tLa1J6NGl3X0FIa2VRT1ItbmFKajAzUDZtU2RIRkQ3Yk9SdzB0bkJ2ejBTanc1NS1FZk1CTXprblpJeE1zbzB2Nng3bU9WbUVDLWZ3?oc=5,2025-12-22 08:00:00,Fierce Network
ETSI mWT SDN Plugtests Advance Multi-Vendor Interoperability in 5G/6G Networks - The Fast Mode,https://news.google.com/rss/articles/CBMizgFBVV95cUxOZWFwLTJhbUtZeTZ6QVhySXp2TElxLTdJaF9oa0ktRmwtd0txY3htZGk4dFZ0bFRoSHRnSzJ1UXBoMUctVVZTaVl3Y1JKWmFkdERlbm51eFlWZWVyLTdlY20wWGlsT0tTMXM5akxNUE84ZU9wWGJiSHJVaGJOVWJlZERHbnd5YWR3RnpDTU9FcllKTkl2UlZnOS1FLVNyV3cxTXVkT3J4Zl9DLWN3STREcFI3QVZwa3Q0V3g5THRkWV9QWTlkV0RKNUdmQmZzZw?oc=5,2026-01-11 23:37:09,The Fast Mode
Large language models in 6G from standard to on-device networks - Nature,https://news.google.com/rss/articles/CBMiX0FVX3lxTE11S2F2VDlJYmVnSlJWbXN3eVk0WTFDVDEzZExCVGYzUjRadllqNmQzZDQyYUpuMjNObWkzdXhZcmd0VUw0a3VPZ0JHRU1RVFVjQkRCV0xZamdPcTNIVjZr?oc=5,2026-01-06 09:23:33,Nature
An ultra-fast quantum tunneling device for the 6G terahertz era - Phys.org,https://news.google.com/rss/articles/CBMiekFVX3lxTE1FdGJ5LTdnLUtTcWtVNkQxT3pWTTdhb2hmYlFUN3o0WkRLMUtBOEd1VTVTbTJlMjVHZFdVWW52Ujl5MGQ5ZmstTVZCWU9OOXhyMHZ2bDlHeTljVFU2ZENFZ2pvRWotcWNtblBsSGxOZkYwNUtfcHZycEhB?oc=5,2026-01-09 14:44:36,Phys.org
White House Directs 6G Spectrum Reallocation Push - MeriTalk,https://news.google.com/rss/articles/CBMihwFBVV95cUxOblROWmNFc2J1ZVlBMkcydnVvWks0c2ZmQS1hTWFtdEI2aUxMV0g5Z041MjFHbG1Qc2FITnJtM3NMRWJ2YmVFRE1Ybkx5OWhhSU93Xzg1Nmg4UlZ6MWE5Nk95a2ZKeGc4T2dkSTNER0VPczhWVFV2VTBUMFdKZU14Tjhxdm0xWEk?oc=5,2025-12-24 08:00:00,MeriTalk
"Looking ahead: Ready or not, here comes 6G - Light Reading",https://news.google.com/rss/articles/CBMifEFVX3lxTFBoN2tQMFJvZ1BKSEpkNnpRRUFpY2tiYzZWT253dDhyNG9YNnc4QU1TWURvQUp2dWhNTkd2ZGN3LWVRaFYxQmRPQzVrZGJmNTFaaHY3YmdJdHc4VzJMTzFRT2JpYUFLYUo5T0JyRktKV2JiZk84WkQ4UVp3SEE?oc=5,2026-01-02 08:00:00,Light Reading
White House Issues Memorandum to Advance 6G - ExecutiveGov,https://news.google.com/rss/articles/CBMifEFVX3lxTFB2MFp2aWJKbFBObjdtbmg3NUJaZ0xIeHRUbmFaQTQ1VWNlR3lSTDVjcmd2ZnBtX2p1QTNPd3hvN0xNTVVZZG1OMGtOWDJIdTNVN1hRY2hJYkpsNjhJNGVfME1Ta0l6MlAzWmhNTFdESm9aVTY4Z20xZGRuVTE?oc=5,2025-12-22 08:00:00,ExecutiveGov
Chinese 6G smart surface could allow stealth jets to use radar as a power source - South China Morning Post,https://news.google.com/rss/articles/CBMiyAFBVV95cUxQbDg1UnRianh3QTZUZnZsUVdSdDgwdjN5SUREcXZrNG5CYmo3WWpreDVQQVQyQV85Q1RZTzE1Yk14TEJZOEZJY0llV3BTbXlfbVFOaGp2MkVISEFvTWlXM00zZ2tURDBRNFRyMVFVWG1tTlhLcGkwN19PY2FmZ3dRYkRuZ3NYZ3Z5dU00dTBIaWhWeGg3TDlCSnpWNzJUM25pZVdqOThtMHVDRzhfWUlnYmtWbWMyOU42T1JyaXQxS2RoQ09ZZlp0UdIByAFBVV95cUxNVjdGN1FrUkdVRTQtaDl0TmR6S3gzejBqbXlMOWRzZmZUY3hiV1lmR1F5YUl3c0dBZVhtdDRENDc5bl84ZkRGZzRaWjBMeU9GSWpoaFZkcHoxY3hXS2I0RnQ2ZGM5Sm52VlVoVzFBU2x1MVFkaGstMWZyVkZCT01GRTZjVU5DZldxWlpoUUtLQ05qejM0MndUVnF1aXNLdFJRejR1d0lVRXQ5YWpqX3ZUQzdPWnVRaXI1c2hlLXBCZ19SR1Ryb3RxVw?oc=5,2025-12-28 08:00:00,South China Morning Post
China’s 6G surface could convert enemy radar beams into power for stealth jets - Interesting Engineering,https://news.google.com/rss/articles/CBMiigFBVV95cUxObjYwazBBQkNQV1lYTkxXenFGbHdET09mVlZZQk80R2cwSkRDZmlFcTFZaWRqVDBvMW5yS1dWc21WRl8tRFNOYm5mVlBRLXFJTTZOWXBjVFlqMzEzZkN0azhxY0dOSHoxSml6TWN0SXhsN05DRXZQbXFuUkVNeGdPS0pXVHdDQk9nLWc?oc=5,2026-01-02 08:00:00,Interesting Engineering
6G standardisation moves closer as 2026 begins ... - eeNews Europe,https://news.google.com/rss/articles/CBMihgFBVV95cUxQSjlmcXpjRXdqUTEyekNfaVJDTmNjQVhTM1lkU05KN3BlaVdLSjhkWkR2NDlPaC0td3hRbGdtTl9rQjBWTEp0MEdiOTk1d3REVG5ERzFacEhjU3Jwd3AtQmpLTUVvQ3VmYmYzOG5mRXdZOGcxcUVoMUl0b29tVldpUEVHSjFEQQ?oc=5,2026-01-08 12:13:24,eeNews Europe
Integration of Large Language Models Into Devices Explored for 6G Wireless Technology - geneonline.com,https://news.google.com/rss/articles/CBMiswFBVV95cUxORUlHYmlHTmlTRnFJcmVMMDFic1dINUFhV25uQUdNeldweXUxVGxQa3lFZDNuR0wxNW5Fd0hCcFhjWm96c2VwY1J6U0hDaVF1Tm01MTcwejFNQ1EzendGYnZNTk8xSDV3SzhvU1VnVi1oQXdEakZzcGhqTVhNN0J2SUIyaHhVSVdCWTFXVkJ0dlVyeTU1Uk5ZRlpXT3l2TGFDUjJJLWdXN05TTGFxVjNjdE5Xaw?oc=5,2026-01-10 02:32:43,geneonline.com
Article | Trump unveils next steps for expanding 6G - POLITICO Pro,https://news.google.com/rss/articles/CBMiowFBVV95cUxQN3FXSGtrSlNtMjg4LWR2eTQyOWRpYjRHaTN4VzF0NFZuVG9NZFRQM19KZ0FGeUNxb3dCaWh3ZGJDdktTUDg2cUFXT2toeUpyb092V3gxTEFPcjlZeVBta21LdktvalR3Q05FdmdIUzVBdG5VRHk5c0NRVW10ZUU3Q29DeFhEcmU0cFpVeXVJaGdfY0VUMGFpTUFwOFlURXJob21r?oc=5,2025-12-20 08:00:00,POLITICO Pro
AI-powered intelligent 6G radio access technology significantly enhances wireless communication performance - Tech Xplore,https://news.google.com/rss/articles/CBMifEFVX3lxTFBXc3BVWnRwTElYQVgxdmZaei03VmQ5WnVTT2JOWnA3S2NWcUVENkRWSkN3SW5CRkl5eHNkX1BLb0dhRTRfYl9hOTJ1UGE0UFdxZGJJZVc3b2J2NUhtZjgzNGNMdHFTTEJnRmVRVC1iaUNnTjBLMDdZWnJDckw?oc=5,2026-01-06 17:18:19,Tech Xplore
NVIDIA and US Telecom Leaders Unveil the All-American AI-RAN Stack to Accelerate the Path to 6G - NVIDIA Newsroom,https://news.google.com/rss/articles/CBMib0FVX3lxTE1ndHBBdlZrWjk1eW1nY3NMVXJZQmtBR19pRVhUVDh2dGVGYkg1WlZKaU9PVlNoNzMySWlpRDlrZUpnR1A4WHJFMjhNV1FlZ3VSVHgxQTZKdUhwRmJ4OEEwX1MtblNmT2t5OFFTREpXVQ?oc=5,2025-10-28 07:00:00,NVIDIA Newsroom
"The Top 10 Patents of 2025: Ubiquitous 6G Connections, Auditable Blockchain Transactions and Pest-Resistant Transgenic Corn - IPWatchdog.com",https://news.google.com/rss/articles/CBMi3gFBVV95cUxNTlI0dTF1SXRYTGcwaERlOUZUZnp4NmUzOExzVDlkRXNGWER1RERVYnZaZXhTcG5xWWdWNThMZVJ4MWRyeEJhMEtMN2RpencxdXUxWEJ1VkY4OHVMNm9JOEdFMm5odXhXM25rb2lpNFBzVTREZTNpSlVnclhuUjJfZldIRmdXOWhTbnpBYXdqVFRQV19aY3ZfS2JOZkMxNWtqdlJ6N0ZFRm4ySHBUUkYtajNIYXdGZUxNVHozOXY2U19HdG80Rll4Y0VBQ0tRT2tVTXJSVDFBd1Nac0lBalE?oc=5,2025-12-31 20:17:22,IPWatchdog.com
6G networks will host AI agents to automate enterprise workflows - Telecoms Tech News,https://news.google.com/rss/articles/CBMinwFBVV95cUxQem1nQWt5TXoybEJQUjk4WTg3ZUx2ZWlfQjdJLTY2TlAteVBZcGtqY0JVcFNTNlVIU3NlMm00RjRYYzRHOHVkYXY3MmNjMXozVDJWbVg4a1NJRWFESG1wUGxoNHRHMlgyZkxvMm81UXJkcFFBVFktdjkwd2xiSm11NmVYNndZYzBhUjNzaEk2am9TOTFGTHYzQlZia1N4MlU?oc=5,2026-01-07 10:27:43,Telecoms Tech News
My predictions for 2026 on 6G and AI infrastructure (Analyst Angle) - RCR Wireless News,https://news.google.com/rss/articles/CBMibkFVX3lxTFBBSWNZZGVRZ3RTV0dUSUl3T2k4WnZmU3JzNU5lRWlvdTdZMFUwbTlBVGotTGkzbFFQYmo5aTM4QTQycHBJNVlIY0M5OW5WNE9fN1RIRFpCUjVvQUJqVkdPOGoxTjctc1NVblRFUTF3?oc=5,2026-01-02 19:42:36,RCR Wireless News
The 12th Brooklyn Summit marks a tipping point toward the 6G era - Nokia,https://news.google.com/rss/articles/CBMilwFBVV95cUxOY2xlNFlPYXRTQlY2WHdYQjIwLTlyWmZrRzZYYzJ4enM5MXphaU9HWHFPM3ZOenlMTUhzeFV0emZRd3QzNXpxSzYxbnpDNkJ3bGNBNTlrcVlNeXVrbHlZNkY0aWVWQzVsODNDOUpqWlViRVRvRkM3bXVfSmRPeWM4TG5hX1p0c2kyOE9BTXJwbVFXQU81bTVV?oc=5,2025-11-10 08:00:00,Nokia
Transitioning Large Language Models to On-Device 6G Networks - Bioengineer.org,https://news.google.com/rss/articles/CBMijgFBVV95cUxNYnF1ZDNOaVkwc3AwVk9WVEJEaWVDWmlac2lmcWNzMGxNdDFKWkdlT2NwZ0hfLTNKakVScWRxQTd1OFdWNjJCay1Bc1VRNDIyTVM1V3IzLURjMEVienpVcTQ0SlNJVzE4YnRveHNPRjlJcVhqYVFqX00xcE9Rd3JnTktWTDg5c09lY3llbXpB?oc=5,2026-01-10 01:22:11,Bioengineer.org
2026 is the year of 6G slop - Fierce Network,https://news.google.com/rss/articles/CBMiigFBVV95cUxOQ3VqY2tlS3ZDclpyN3RlUU1lYUFXNU9mOUdPMHZ0a3V1dko3WlQzOHRZOEhkcC10RHVFQWFRQjN0QTlXaUFmSW1Bb0hBQnBMSzVycXdXOVVqYkp6MDlqQy1WUnRmTUNzLTJzMlhhOHN0cVVwSkpGNHRydEpFeU1wQzNaQ1MzbDNPMlE?oc=5,2026-01-07 20:03:56,Fierce Network
NVIDIA Open Sources Aerial Software to Accelerate AI-Native 6G - NVIDIA Blog,https://news.google.com/rss/articles/CBMib0FVX3lxTE9oYmRsMks4TEJqaHN3VXJyUFZaY2h5UjFOWk0tcF9PVW1SNFZNLS1IY19GTmktZFowSlVkLU5vc0xIdU5xa1pnV3lpV2FMcEVyTjJrS3IxNVo1T252ZTQyRlZCbXMxd2ZMSmNCVzFZaw?oc=5,2025-10-28 07:00:00,NVIDIA Blog
Bio-hybrid 6G networks with synthetic biology-enabled base stations for energy-autonomous telecommunications - Nature,https://news.google.com/rss/articles/CBMiX0FVX3lxTE0wT3VwWU1NYUc3NVREZlZxRGZaekVXQWVFcm1FcURWcUx4eW85R3hfMy1mckF0dXJEalc4NEo4SGJ4U1VfM29tX0VuLWoxVTJmQUotREN0ck9Qbms0WTFF?oc=5,2025-12-15 08:00:00,Nature
"Despite the hype, 6G’s AI impact remains uncertain - RCR Wireless News",https://news.google.com/rss/articles/CBMiY0FVX3lxTE1tM3VscWJGQXRSMDhILUR4ZG82dy12Z3U3WHRYWHpfYU9VZTFmb3o5UlRGdW44UVhVSENmVGdRb0ZNbXVTQmwtTlRTb2lEczBadVlFRF9SVkZZckNGT3FVTmdwOA?oc=5,2025-12-17 08:00:00,RCR Wireless News
Verizon Leads the Future of Wireless with Development of New Industry 6G Forum - Verizon,https://news.google.com/rss/articles/CBMinwFBVV95cUxOR1pmNHFsMUFtaE1QRHk0Q1JUSS15YkN4bEZXaTJvellPQ25uVTJqUkRuWVhqOGtzMWdUamFpaU5WckxzbFRpZVZsTFdBUWt3ajhPaks5bzZucDlYS3ZoZks0ZFlkOGpjV2ZLTmVpMk13RGt3bVJZS3ZtZUpjQThYQVRDZTFLRGR3V3oxZV9mdGljeExPM3NyMzNHUkc0R1U?oc=5,2025-09-22 08:00:00,Verizon
Powering AI-Native 6G Research with the NVIDIA Sionna Research Kit | NVIDIA Technical Blog - NVIDIA Developer,https://news.google.com/rss/articles/CBMiowFBVV95cUxObUI5cUxzYVdzTU1vbHhIeF9wd1gxMmpZSl9oU3pmbkdPU0ZRdWZyaHJQTTJBeFVSOUZ6bU5oMGNEWXAtLWRabjQtMFZwMVZ6SHQ4cld6R2dCNUdsTnFyTlJfc0kwOTB5MUJyQ0l2UFE2MXU2RjlUSnBYOFZNR2N2Z0RnalFlLVo2VS1HdWVOMWtqLUktQTc3a0FlT3czSTA3WC1J?oc=5,2025-10-28 07:00:00,NVIDIA Developer
6G Phones Won't Just Be Fast. They'll Plug You Into an 'Always-Sensing Network' - CNET,https://news.google.com/rss/articles/CBMiwAFBVV95cUxNeTVKOHBSS3VYbTUyRVMxUVJkSG1fa1dvaWk1U2E1S1l0LWVoekY4UmtFNHVuMWs3dzRHRkMyMWNVV0RwYVowR1ZJWGYzYjM3MjhtT2xFbTFYSWF6bTgtdUJ3aWQ4VWpycjdCXzhUWEwzdm5TQ2w1RXRqa0NQM0JQM3pEUnlvMklnV1JrdnNIOVhCZ2d0VmlEci1XT1VkMlZVWVlRNnJXdS1TLWpRRm5aZG14VFdkczlTTFlyNmpsV00?oc=5,2025-11-13 08:00:00,CNET
"Agentic AI Enables Efficient 6G RAN Slicing, Interpreting Operator Intents for Resource Allocation - Quantum Zeitgeist",https://news.google.com/rss/articles/CBMiekFVX3lxTFAzOVBoaTlaQTItZXJHRHVQN0ZhMGlzZ1lOWUl1RGxwOS1XcVc4NEhDNFFNRC1tMnhpS2RvTzVXRkFzNFFFYXZidEU0YUhQLXNuVkduUmd5bnFsdnFmdTNaMlhidjhRUE1SNk1Gd0IxdkpiM3NsYVk4ZC1R?oc=5,2026-01-07 14:17:23,Quantum Zeitgeist
Nokia Bell Labs and KDDI Research unite to drive innovation in 6G energy efficiency and network resiliency - Nokia,https://news.google.com/rss/articles/CBMi1AFBVV95cUxQTUl0ZU5IWGtabmxZbnBYaER2WEp4c2ZJYTVaejRXV1R0MTUtYVdCc0lWZzBJUGN1RnBYQ21jUkl3amhZVTRHWlliSjFyRUN4YXNIbmduUzJVNU1nMHlSUmUzVGR5bHhTVzlXV2FXRzdtSW8xNU5rOGQ4eXY5V0htMFIwcV82TDFKTWFTYU41NEljR3JrQk1VUTJwa0E2SGpBdFAwYVZPejgzMEpwOEFfZEkzdXBJOWhMZTJTUnl2cFk2d2JVTWIxaVBUd3FYaU9MZk15Vg?oc=5,2025-11-06 08:00:00,Nokia
Qualcomm CEO calls his shot: ‘Pre-commercial’ 6G devices in 2028 - RCR Wireless News,https://news.google.com/rss/articles/CBMicEFVX3lxTFBCVFhpakhoSEh5WDd0ZHpsMWNuSUFUMnM0ekFIcmRNMXJIaGg4LUZlZzUxbkliQTNaQzdPY0ZoanhlYk9VbV85RVhpYi1BbjNKcE9jTDEtV3NfdUxjTG9zWkFoTlNuN0Y5bTFtdlpxMFY?oc=5,2025-09-23 08:00:00,RCR Wireless News
How AI-Powered Wireless Networks Will Revitalize US Global Leadership in Communications - NVIDIA Blog,https://news.google.com/rss/articles/CBMiZkFVX3lxTE1uZWROTHcxQW1GMTFHSnJIRUtxcEdCUEpJU3FpMzlCR3ZSdUFoOElkeVVmT3hHdkpkSHFhQm9LdTYwaEoyclJrZ0dPV0lieTZ0YmZxUWFGRm5wdkFZLU9nQjBXQWdEQQ?oc=5,2025-10-08 08:00:00,NVIDIA Blog
2026 6G predictions from Keysight (Reader Forum) - RCR Wireless News,https://news.google.com/rss/articles/CBMicEFVX3lxTE1QdFV5TVVBVGV2SnBIMHIzbXh1SGxRODNNWW1FWEVPVV83S1RPMU1wZFpKU2s1NHJZcXpDamF5c3hnZE02VkpXNFg4TXlKeWE2aUdIV05CdjR1TFZUdzRpOFlRZkhrLXF0WWlGT0t3ZUg?oc=5,2025-12-19 08:00:00,RCR Wireless News
Does 6G matter? - ITPro,https://news.google.com/rss/articles/CBMidkFVX3lxTFAtUE5wN3o2eFgyaktMZzl3VVZHNDAyNjRDRy1DV3hsdmJJcTA5ZmU2emVkRk5mSGs2NEN6Mnpva1hZT3JNWHp1QVZWRE9hSlF4UEt0cDZoVkJMN01BOVZvM3dQZjdmd0NLc0I2RzFFX2l5QkhzNlE?oc=5,2025-12-16 08:00:00,ITPro
A look inside China's 6G development engine - Light Reading,https://news.google.com/rss/articles/CBMigAFBVV95cUxOczBjTFdESzJtaUVkakRmZi0xUGVpaWljN00tbjYyTWlVOFJfOVczT19DaFpJRzEyN0ZqV0J3eUw3eUhLSDNCRkg4Umk0N0lPdnEtSkpMSUo5RlRONGdrQlBQYlRWS0M5eC1hNU80MkgwZHpJQWhUODg5a0QwaGpvcA?oc=5,2025-11-19 08:00:00,Light Reading
"America Just Fired the Starting Gun on 6G — and This Time, It’s About China - Telecom Reseller / Technology Reseller News",https://news.google.com/rss/articles/CBMisAFBVV95cUxNZkIwZjYyN0FLQVVyU3RURlFtWm45U1M4UmRqelBNUFU5UjZ5SlRJREpWVDNDc3lLMHVvek9JekRxaU1wZWk4cmI2Ullvb3ZFank2WnFEZ21Sdm1WLVNGWnZHcU1aV3U0Uk1MWi1TUV9NNW1kREF2aTdqTTk0dDJEQTJaWHpUOTRVQXI5VENMNFVqMGJRdFFxMXlOZW91djRFUkg0MmpDNlUwYUtzTzlGTdIBtgFBVV95cUxPaEdiejFEckhHUDRUQ2xUUzV3VDM5bFZwSjFaWHlLdUhXVm1RUkhPZHVCQWJsd1JTdHFRYXZKMF9vUlczc3lfNWFMVXZiZ2JpZUZlb29wb25Xa0pJQjhlVWg0dXJGQnc5MzY4eFRkMVUwUEFPVzNPeFg3ZEVPeV9NSTlzbDg3VTlkdTl4THZpb1VRZ2htaC1hZ3lNcnRVb2J6VERDdVJhd2hwUnlWQWN2dmtaZ3d1dw?oc=5,2025-12-31 20:46:32,Telecom Reseller / Technology Reseller News
"6G Capex Ramp to Start Around 2030, According to Dell’Oro Group - Dell'Oro Group",https://news.google.com/rss/articles/CBMickFVX3lxTE1Hd3VaT2FpLXNmM3liZkxCNW5ESDNROFFnQVRpUzlDdk9HTXRMdzNmUUxQcWc0NHlmQVBJR3Z1U1hqd3cyQ1M2ZFJQNzgzcFBRaXFCbXVHYk5PaW94eW8tdjluZ0xCLXJuUGxUVV9nc0dWQQ?oc=5,2025-10-28 07:00:00,Dell'Oro Group
Expanding the Future of 6G with the 7 GHz Band : Pioneering New Coverage Areas Through Field Trials - ソフトバンク,https://news.google.com/rss/articles/CBMicEFVX3lxTE1SczFfUzMtcGphWHVFTkMtRkJyS0dDTDBLSUFIQUFfYU5kOENDTE5xTHZ1R0VzY3hNRmtkRUc5YTNSZ09BVkw5Ymw2eE1tMHZsQjZ2WFIwZ196Sk4xRVpNQTZwNnZRa0JsYWlIdTctOTU?oc=5,2026-01-06 04:56:16,ソフトバンク
Accelerated and Distributed UPF for the Era of Agentic AI and 6G | NVIDIA Technical Blog - NVIDIA Developer,https://news.google.com/rss/articles/CBMioAFBVV95cUxQMm9tcGdZZmx1NWE5Y2htcDJXOVQycWpOY29fRDN0RHEwRjNoNm5td0FUUXY5LUdWUy1DRTF3WDdfMm5WVDh6b2UxaDRXYldNaDZKTWtZSENTTS1abVNrMUlRajIyYXQxeHhjNDRQa1Qzel9XOWhGQ0E5VlZkTGozUTkzRFBfVTRpVm50aDRxVnI3bEU0VFdDa0tXWV9hQUNZ?oc=5,2025-10-15 08:00:00,NVIDIA Developer
6G just can't seem to get its story straight - Light Reading,https://news.google.com/rss/articles/CBMiggFBVV95cUxQM0dUakFlaGFBS19EV2VTYnNQUm52eDZNNVQ2aF9MaGkxbEhhSVpXR0lSZTZlMF8wc0VBUXdMOExYUmQ2M3BuQ3RGcGdzYmdfbGtxRFI4WmNRU01wR2xBMWRYNzdMWkVCbnRTNGRuMEozbDVBeVVMNE41YUl5UVp4X193?oc=5,2025-12-02 08:00:00,Light Reading
Successful completion after three years of 6G research in the project “6G-TakeOff” - Deutsche Telekom Group,https://news.google.com/rss/articles/CBMioAFBVV95cUxPMldublNVajltSFRkZFpVNU0wdGU4bnJnOHFoT3JuMkxMNlhoeHVfZkxEX2FlVWJraEo1NjlzTmJ1dEY4anh4ak8wYUp6MF9wY1pmbFVnSDJWZkxnY1VZRG56RWNZOEFvcHIxakVhUUNUUEJKUUN3WHdvX05BYTN4X2Eyck5NaHNrSFE1OE9nSTJPaERQdEZKY3A0MjduejBL?oc=5,2025-11-26 08:00:00,Deutsche Telekom Group
NTIA to Make the 2028 Olympics a 6G Testbed - Broadband Breakfast,https://news.google.com/rss/articles/CBMigAFBVV95cUxPSWRmREppUHlBQWpXaWJ3a1ZHVUo1LUlfbkVEcEptUVZ3c1FuYkZZR3N6b1o4eHB5LVpWdnNBbWEycnZNMUtWWWVvTXQ5TnYxbWRnQzJQZkhNX1N6TkxPZUNtcXJlX3J3WEFSQVlWRno0dmk3c2lxdmg3djNuQmVPbQ?oc=5,2025-11-04 08:00:00,Broadband Breakfast
"Verizon launches 6G forum; it’s all about the use cases, CTO says - RCR Wireless News",https://news.google.com/rss/articles/CBMidkFVX3lxTE9JTXk5NDF3WmFiVUE2bEpaTndBOW96WjJ0TGxiSUFmR2RMUmgwak0tXzhpc25wSkRPNzBjMkx0YnpmSl9WSWdlcEZjR2stSTVObWtUSFNPWlQ2T1ZIb19nMzlORzZwVlFPN1dDaXlsSUdFcXRYQVE?oc=5,2025-09-22 08:00:00,RCR Wireless News
Improve AI-Native 6G Design with the NVIDIA Aerial Omniverse Digital Twin | NVIDIA Technical Blog - NVIDIA Developer,https://news.google.com/rss/articles/CBMirAFBVV95cUxPb0tsMGZ5VGFRcE5EZTZETHJTUEFxRzdpWjdMdmJFZVNFWWNKX2FQRjFWakM5WHBBOWtXQWxsQ2pQbGRYZDBhZ0t0cTdFWnRxbTF1LWZOLVdWMWwwc2ZWQTRNczFoOUt2d3FkZDFWaTAwaVZFRVRnX3RmU2poeGtjUXphSFpfWjlaMV9KOW50b01BaWJvcE1RMktYRE8xT1F5NndMTF9iZEUya2J0?oc=5,2025-12-09 08:00:00,NVIDIA Developer
What AT&T really wants from 6G - Light Reading,https://news.google.com/rss/articles/CBMib0FVX3lxTE9FODdtMUNfMG1pRFVLNnNEWXBwMklZakwtVDJJNjNIMDl5MHFXVWtDdndkV29NaEc4b1VSMHJIb0Exc180N1VkaUJka1pIcnUtWTJfbWtHNlh6Y0VDUElUcHdrMFlyRlR5dUR4dUpYSQ?oc=5,2025-10-15 08:00:00,Light Reading
Capacity Limits in 5G Prompt a 6G Focus on Infrastructure - IEEE Spectrum,https://news.google.com/rss/articles/CBMibkFVX3lxTE4zZWgyeHFhWHlDbzEyeGNyRWVZWHBOYTIzeVQ0RzM5c2hWWnBHNERqSkZDOFVTMVpOMEdCUUJLcGNWbWVlV2RBUHI0YndTRTg3bHlxeWZvZ3U1Y0p6ZnZQWlNVWVVQb2JIczd6OThB0gGCAUFVX3lxTE9BVmNtaW85eXc0eTIwT2tIcDcwTk5PejlkcVgwbzYwS3RUbVc0OGpMZmtoR3pEdEx2cGNoNlV4RHdOLVJ1eTNKUVZ1dmRVbGEtZmFWamdoUkFuNUtTSVVMV3JnbXZCLWpvY2NsQlpVUHNmTkFqcjhkRW5GTjJQVEhQT0E?oc=5,2025-12-02 21:22:48,IEEE Spectrum
Ensure a robust AI-native 6G security posture - Nokia,https://news.google.com/rss/articles/CBMie0FVX3lxTE56alpjRFlfdGxuNjdWNURUbk1fVnZ1NGM5M3F3Uld1RnFqSERwZXBPaVFiNmxUcHM3TXRFWVBnaHdET3pBNEEtdXpVSXRveXhUSVBwaUJQYi1oSGszTnJiRVY4ZTNUTUxjTklNRnNhODVhY1l5V1FOWGFmbw?oc=5,2025-11-27 08:00:00,Nokia
"Physicists generate hybrid spin-sound waves, expanding options for 6G implementation - Phys.org",https://news.google.com/rss/articles/CBMifEFVX3lxTE4wc2dSd0VOaUcyV2JHdXRGaWlJQ1N4LTRlbzNtZGJCdmJoT0FXYWF5M21UaTkyMVRlNTg2c3RhZjBnRVdhX19xU3VfdC1KeWZEaUk3VlNxTHM1U0hHTG4wV2NxYnNjakRYVGxlQm13S1YxRnpVTUh2RE9PcmE?oc=5,2025-11-28 08:00:00,Phys.org
Winning the 6G Race (Trump EO Tracker) - Akin Gump Strauss Hauer & Feld LLP,https://news.google.com/rss/articles/CBMilwFBVV95cUxPSkx5QUlNS1o4eWdyM2VPOE52dzViUUp3LWN0TlJlbUZDeTR6aEN2UGlzTlJyMXczNUZuaXdDLWpUSHZmRFRYX3VXZkFZbmJ6VnZfNTN4MUJHdjRyU0RoaG5LWk1GaEwzVTNFNkZqZk9mNjhUbk1LbWNyNG9sN0lXa1NDejdyWmluOTRmMmdOZ1NBMDR0RmVr?oc=5,2025-12-19 08:00:00,Akin Gump Strauss Hauer & Feld LLP
Brooklyn 6G Summit 2025 - Nokia,https://news.google.com/rss/articles/CBMiXEFVX3lxTE1fVVJsaXQyRldvUE83VVZlOTlTVUZoaEl0SkZHcF9FU0dacDFCaEYyZDJ5eTI1ODdtSmUwdjVTcExYR1FnbnZFckhvc1NDQmNyRUlOUlNHQkdQak5J?oc=5,2025-06-24 17:14:06,Nokia
"Nokia, Ericsson and Fraunhofer HHI join forces to drive 6G-era video coding standardization - Nokia",https://news.google.com/rss/articles/CBMivwFBVV95cUxQTVltUTUzLWVzdXp0ekdEQ3JWWmpjREhhbHRaeTIta192QllXczZPY0ZHdTRiaDNQRl9mTjhIVWJuSnB3S0haVUZqUnM1VHdHa25qbHlTbDZaSmpHYmc4aEJ0TC1wWHNXY1lPbjktblNHR1Nqb3hESER6MW44dWh4eExOM1VKTlVFRnhURjZadmJmUmowZkE4Q2pvOGhLcEVrcVZnLUFzS1dLWlRZR21oeFl5Y0RaUGUtM19QZ3FHRQ?oc=5,2025-10-27 07:00:00,Nokia
How does 6G keep up with AI? It’s complicated - Fierce Network,https://news.google.com/rss/articles/CBMigAFBVV95cUxPaUlubXR4Sm1KRjVxQ3JDbmNwM0JOSVZoNDBfeDE2Zi1DTFFDdG5hT2JMZzcteXBzT1J3Q3UzX3NuaUpGUXFqa0VIQzkxaElkV2luZEEzejFnc2JaSEM1T1hRSVRlMkhFdzZIRDc5N2REN2hTeEJ3ZWVrbjhxa3ljVw?oc=5,2025-12-12 08:00:00,Fierce Network
"US must lead on 6G through spectrum, standards, R&D – Trusty - Light Reading",https://news.google.com/rss/articles/CBMikgFBVV95cUxPY1ZVaVFBY2FoS0RscGRKNUg2Y2k4Um9IQ3o0Uml2YVBNeUNiSllBZURFQlJHYTFvVmFaVHpCOHFxZ3lUZFZ2YU9lZDZVdU04ZkF5TUUzWkJQd3Z0X2ZQQVZvT0l1TWZra3Q4UXJKbVFpSWlnM0lITXd0NjNzUTlJTnhxaFNyUUtkWTlSYkxNdkpHdw?oc=5,2025-11-10 08:00:00,Light Reading
6G capex ramp to begin around 2030: Dell’Oro - RCR Wireless News,https://news.google.com/rss/articles/CBMia0FVX3lxTE1tWmhYSzIxcHlGMHRfZjJPMWhORl9GQzVmQU1lTzlUZDNUZnpUOXh2S3BJNy1PeHNrQTRTVWF4VkZyUTNkVm9mOU1IdWMyd3NzNzNhbS1rYVR1aTA4T1Z1QnNya1RpbDB2VTc0?oc=5,2025-11-04 08:00:00,RCR Wireless News
AI-Driven intrusion detection and prevention systems to safeguard 6G networks from cyber threats - Nature,https://news.google.com/rss/articles/CBMiX0FVX3lxTE1rNGNFd0lmNF9mdHRybEdLNHM4OURXUlZYeHpXTmlfcDA3V1YxODZnaDBURWJocHVsdzBXWEs2aEJFUl83cWwxU2xnOWZzUlNKMTh4LWpBLWpRd0NObVln?oc=5,2025-10-29 07:00:00,Nature
Germany to ban China’s Huawei from future 6G network - South China Morning Post,https://news.google.com/rss/articles/CBMinwFBVV95cUxOOEhoQ2VTNzlxWVl6VERQVENUSlZ4djhxTDRNZl9NelAxY194eVFUTERJdnFCMHluNG13ZTBfYnFpREFHRS1ZalJyNnV4OHlYMVhHclBseW5IN1FWVTNVV3NuS1dBSkt0R1FuNlMweW9CakhkdmFOOHZMQVh2VFp1Y2V1aGNXSzJoV2pqY0pyakUxSlQwVnNlSzhJZUtaV1XSAZ8BQVVfeXFMUHRlSmxrQW5IVEtiMTZTS19INV9yY2lZbFVfSzI5X1E4bkszaFU3MDJacW9UbERrb2k0bUNZQnlHdzdVbkxidDhYdUllTVVLODh4SjNnRXVPSy1YeU96N3AwYlFYV1pGVERKUnRmMnJLblpUQzVmb1FLMnQ4M0VMMkZNSHlyWXhfTkNQVTlyMkVRTTZUSzFRWFhYcTMzMHVJ?oc=5,2025-11-14 08:00:00,South China Morning Post
"Congressional leaders want an executive branch strategy on China 6G, tech supply chain - CyberScoop",https://news.google.com/rss/articles/CBMinAFBVV95cUxQYnZwLUt5ejBNWlR4Y2hjZWFYS2hPNHBIcmV4eU9UMVFIQXNPdHVROWpNZzlxNlhUdklLb3JCLWNfdUZxVUVpb2xnS0pzdjFyQTdFeUZ5ZnlDM0lGY3U3akt3alZGd2RYbnNTZU1kWndLTlBCd1pxcy1LMnNMOFRJRjhEbFNvemU0LWlPcW9XZDZ3U0Q1WWZySXR2ZmQ?oc=5,2025-11-05 08:00:00,CyberScoop
VARNet-6G with FIERO model for anomaly detection and enhancing network stability in future-ready communication systems - Nature,https://news.google.com/rss/articles/CBMiX0FVX3lxTFBPODdPTzlTTEk4R05rdWVtOFFVNzg2Si1mMzN0MzNFY3NrQmd5bEs4TnVMcUd1YzNiWmY1amJiRGxYcVF0MmlzTi11SFZoMUtQeGs0MnZ0anh2Z28za3lV?oc=5,2025-10-02 08:00:00,Nature
"Before 6G, carriers need to monetize 5G Standalone (Reader Forum) - RCR Wireless News",https://news.google.com/rss/articles/CBMiZ0FVX3lxTFBNNWdNcFk0ZVdJUE0xck1MUVJzaDNWdWhnTEZRNW1HMXRvbjhSeUVFSWZ6N1ZTbGZGc3RiQmZiZFlJeHJPUXJxdGhJNExkbEJiTlNJWGZwdlRCTG5ENENTT21ubS1YTG8?oc=5,2025-12-03 08:00:00,RCR Wireless News
Optimizing FBS 3D positions for sum rate maximization in downlink NOMA 6G network - Nature,https://news.google.com/rss/articles/CBMiX0FVX3lxTE0yS3ZjQlU1LXpzZWFDZkFMVW11LW84RWpPUFBlNnFBbWh6NmRldWotaGlCNExiZnp2TURiWldKU1d2cXNlS3F1VUFkLWtGVW9fX3lYU3dIUkdzSVFVY05B?oc=5,2025-11-06 08:00:00,Nature
"The OBBB Act provides a clear path to U.S. 6G leadership, but now the hard work begins - RCR Wireless News",https://news.google.com/rss/articles/CBMib0FVX3lxTE54d0dxQXBZWDk3c3ExWlZzU0dQYms1Ynh1YndKYlpxRHV3andGVGxYZWVIY240N2JFaXFtZEJ5WGVVUTVVeGVRWl83Mms1ZXF0QTkyTGdWZWowcnVFY2RvalMyTWtYaU16ZkpsUDlDRQ?oc=5,2025-12-10 08:00:00,RCR Wireless News
"What’s up with… 6G in the US, Telecom Italia, MásOrange - telecomtv.com",https://news.google.com/rss/articles/CBMinAFBVV95cUxPNmRITlhiam5OVlFoU3Z4eTRxWFliUmhTWllxYUpLSUZ1aDNvU3RSWWhscTQxNlY0Tm5feVhQR3MxckItYXdIMHU1VmRPY2hZbDZUZUFDZzBUSUFZa3IzOS11dHZ6YTdnRlBYQ1JZOTdzVHM3dHAtMDMyWklPWHNGei1Vemo1Q1VUWXM5Nk1ESnBKbmJaTFNOS3c5anHSAaIBQVVfeXFMTV9oVmZjWUVsbjZPblBVRGYySTIyQkVqclI2bGVmb2JYSUxNTFBVcGRwUHBkWV9YaVRaN3FWRU52NlFlOG9RaG1xSkp5Z0pPTXlLWENMbDA3d3VkOUstVEljYmw3Zjh4bDhuaklvRkNPWEtOMVpmai1uYUY4S0RPalZCR3BNNHFvZ2w4OWJ3MjRmOTFOOGZFSVFXRFJsUnlSZDFR?oc=5,2025-12-22 08:00:00,telecomtv.com
Nokia shows off 6G radio research at Brooklyn summit - Fierce Network,https://news.google.com/rss/articles/CBMijgFBVV95cUxOZ2VvMEVJQml0YWtXZk5aN1piVk1GN3M5NVdaajdnYkxYZkRxUGx5VGQxZ1NhYlNyLTMxR3FlS0lIUHNEZ29RcXhkRTV5T25jWlRSZGp2bi1CaHRBa0RaSEFIY0dlUXhwcEY4cTlxa2Y2UDR0YWVNWi04dUd6Nnc0bjVIWS1jV081T0Y0cUlR?oc=5,2025-11-06 08:00:00,Fierce Network
Verizon CTO worries whether 6G will measure up in the US - Light Reading,https://news.google.com/rss/articles/CBMikgFBVV95cUxPYlVEVGp1N09RMGhHLUZCR1RYaWt1YnFBdHFkcmctNXFSR1VXNGZ5Q2VvZTB0dkdoX3BHbEVPblBLaEJ3Wi1oQ2xKVDdLWlNkMi11bVkwMGE1Q1lnbGVKSlE4cTk4NktaVFJFVnprb1N6bkQ4Q2h2ZHdiZi1OalBOVmRDaVh2QVhadElwWjRpeFYydw?oc=5,2025-09-24 08:00:00,Light Reading
ZTE pioneers 6G transport with new breakthroughs in SPN standardization - ZTE,https://news.google.com/rss/articles/CBMi4wFBVV95cUxOTW9DTERtNGRsYzE1bHV4ZGFjSkM3b2laZUFkdXZBMnVkMXNTYVJxYzFYVmFYZy11S1ozSlJDVl9DU2ttSzVFNHBYcEZWd1V2YnFGLTVpT1lkM3lwd3hhQThLMXVQYkV4OGQ1YWxIVl9NOEhlZGxTQmo1MWxZTW45QXdRdTlGalRvVy1OYldjMmxBWVFzb0tybjh3aFRWZERxYjBrRExua0VFOUNhVk83YTJOaW1jN1J1dWpvbV9OaGZSazFDMktaMjE1NzAybk1oMHhkZ0JoRFUxWDhnSHZpaWhHQQ?oc=5,2025-12-12 08:00:00,ZTE
"NVIDIA, Booz Allen launch AI-ready wireless stack for 6G - Nextgov/FCW",https://news.google.com/rss/articles/CBMitgFBVV95cUxPaWRkN05qUFF3d3d0Q01nQ3dGMWsxUGgtdk1sbHgwNWRNNnE2Q3ozb3F1clRyWlBCQW5Ga0J3SnJSRVJoYXZsdUF6OExpaVpreXR2WElvbE1hLW5UMU5kUEhYcWRITkJGUjA4ejdSM3ZDZHZMVEpmYnNpczJlWkJ0ekVmWndrUU1CUUZoZ2l4SUN5M3Q3X3hUMTlDNVdFVXo2bVNjQVZFZnlCdUpNTFRjLTJGdDEtdw?oc=5,2025-10-28 07:00:00,Nextgov/FCW
Huawei 5G deal defended by Deutsche Telekom boss as 6G ban looms - Light Reading,https://news.google.com/rss/articles/CBMinAFBVV95cUxQcy1zRDdmTk9hQjZLRXEtY1VjT2FXZjNybmhKdUtKSEJETGxpb2NSYUdOSE5kZU9LWFAyUjZkb2NKV3N6LVhLZmprRUh5dUIzVUZqdFVGY2FsdmZOXzR1THpkR0RJUEN0aV82WHNJMERpR1E3OTVyWjYyYkZtaXVlZ0ZGUzBsdzhWTnpPaVJ0bWEySjU4MVNzZDdxczE?oc=5,2025-11-16 08:00:00,Light Reading
Verizon says 5G SA will be crucial to rolling out 6G - Fierce Network,https://news.google.com/rss/articles/CBMikwFBVV95cUxOUzBnTkRTajJEb0NyV1BSb0ptcV9jU2VaR2FLdW5OeHUwcmxuZ285RnV1em51TS1VWFprUmt3N0pMeHRFV2dHa0FVRmlXVmUxVTRVRDFWV3o0czhoRU8xUGZlYU55Wjg2aHRKR19ZaUlCTDYwTzduLXJsSnJXa281NkNmOWs4MkhDM0JNTDlYV2QtQXc?oc=5,2025-10-15 08:00:00,Fierce Network
Nvidia wants 6G to be made in America - with Nokia's help - Fierce Network,https://news.google.com/rss/articles/CBMie0FVX3lxTE04Ukk3UWl1Z3RtcmtrYTFmRTJIM2FLdl9CeTJwYjdzYjdJdHNYdXpGaURGTUtVTVd2eFBZbTNRaE9aQWZqY0tpY1lfRUFpTkIxREt3UmI4ZTBQTFBwWHNLS0Z2UUplVFhQVHU0TTV6eFFjNzY3R2ZOUkIwdw?oc=5,2025-10-28 07:00:00,Fierce Network
NYU Abu Dhabi co-leads record-breaking 6G trial - Washington Square News,https://news.google.com/rss/articles/CBMihgFBVV95cUxQTWtwSXItbUZ5YWlrV2dULTBmZ1E4SGdZNUNKZmVWRTNlN1UwTC1TZFE2dS1TT21rZmZjcXk0RDg2NklXMjNad0RsNllKSUk3eWtDUC1pNGpkM1dnd2NSanIxRlZEb203M004Q2Zzb3RkV2ZITEJVbTJLQTJrZzFaWWh1V0JsUQ?oc=5,2025-11-07 08:00:00,Washington Square News
"Nvidia takes $1B stake in Nokia, which promises 5G and 6G overhaul - Light Reading",https://news.google.com/rss/articles/CBMinAFBVV95cUxNQ2VoSDh1bW1td21pU1hhbklsZzduRU1wVTQ3WXlFbF93dS05bmZ4SGpNak1SUjJpdnhadUZQaHplSjM5WFZuSXVIRmF3TkM5S004SGdWVEdyY21UanpSMGdNTmN4ajhIR2dfcGt0c0N4ejFZaWtEeTZfaW90eHY5czd4X1hDekxibEhRRmJoX1FNY3R2bURub0N1Wng?oc=5,2025-10-28 07:00:00,Light Reading
6G momentum is building - Light Reading,https://news.google.com/rss/articles/CBMiZkFVX3lxTE02T3J1eVItVlRjNXlTblZ2SmpPM0JpVElBczdOWktrTzI0dGhJazVCbWRHN1JMZ2t0d2psejh1Y2lqd0Z4MWxyUHp2ZGxGeFdwOGhIMmVZcHIzR1F0LVNZN2w4S0h4dw?oc=5,2025-10-31 07:00:00,Light Reading
The promise of 6G for Nvidia - Fierce Network,https://news.google.com/rss/articles/CBMiaEFVX3lxTE1jUmY2MkFSUnh3ZWJtbHJkbFZLTEpFRVVyWWRsVFcteTRvRE9tbTdmdkNMSHZ4NDA5VXhaRGFNQ1V5OXBlemhzOWdFclBJZ2ZhTVJUTzBvSEwzWkxReW53cHNiVWhYd0dC?oc=5,2025-11-12 08:00:00,Fierce Network
Protecting every carriage of the 6G train - Nokia,https://news.google.com/rss/articles/CBMieEFVX3lxTE53cDVlYzNiVFpRbGdHMUZMTGFkTU11dDV1ZUFlYXdRMnhROVJnclNOdmYyOXBQX01CSTc3WE90QlhaaDNVcUg5eHBaamE1dnBSNnhlNDlFX3daeV9wbUVvQ1JIZURscHJhUk9IWHJMU3FJVnNVc005VA?oc=5,2025-09-01 08:00:00,Nokia
Brooklyn 6G Summit 2025 highlights - Nokia,https://news.google.com/rss/articles/CBMibEFVX3lxTE9CVDVvaXFMa2p6WDRDbkxBcUkyUzI4bEVYdE1JZDlXaVhWcUpmVXV3N2V6dGRCSlMxZUtkRnBQeU90RDhXRjYyU3VDVnFGRVRsbUZTYlg0VnJBWUlHY0wtUzZEOUVYaHdFU24xdA?oc=5,2025-11-10 19:06:21,Nokia
Donald Trump reminds the entire world he has no idea what 6G means - The Verge,https://news.google.com/rss/articles/CBMiekFVX3lxTE03ZE5td2NHMkd4ejZCdlVKUVVqWDRJOEV3Rk43d2hZX1BoZDQtMVp4SUx5SGM2WVNKZFAtWU5pTGtrQkRRNnBSVFdpWEplS05lcnB5Z2pwX1A2eDNqMjRkYkhVYUxtYVZSUG1ENkpsbG81UXdHRGdVQk13?oc=5,2025-12-10 08:00:00,The Verge
Cybersecurity Challenges in 6G-Enabled Smart Cities Toward Secure and Resilient Network Infrastructures - SCIRP Open Access,https://news.google.com/rss/articles/CBMibkFVX3lxTE12d0tkcTRKbnktbS1PMmJXLXRZdi1qZVJzb0xBTld0YWhBaHRsQlphQm54eFZxeU9WLWc3TFp4dFFSb2dhMjhNXzFiMkRhQnBaTENpaDFRaDZoX2F6Z0FCNFItaWpmZDF1RndJa1R3?oc=5,2025-12-18 09:08:56,SCIRP Open Access
I2CAT Launches Testbed Satellite For 6G Network Tech - Aviation Week Network,https://news.google.com/rss/articles/CBMilAFBVV95cUxNQjNtUmdoTzBBVnJYQUdaTy16LTFseDh3SVNnaThJUGNqRWxEdzJFR05BbmE5THQ2dWsxUmhQN3RXdlJnSXdKTWdlcjNZRTMzalBnU0w4dnFVbFdiWUc4dnpRMVV5NzFPX3FlMG1fV2QzTjhFU3lkdlhZb2ZjVDNoWWVkeU5ZMzVWdTlKb0ExcHcyZVpj?oc=5,2025-12-02 08:00:00,Aviation Week Network
6G radio testing? 7 GHz does it! - Fierce Network,https://news.google.com/rss/articles/CBMiekFVX3lxTE9zMlVNMWcxbTBMMmRPZURyTFhJMkVKNkVVNDNnYWpvd0NKY1ZlWHRMbjI3YzJuX2ZPS3FZcTh1VVlfQ1FoU3drOEpGR0hLTVAtTWJNUjVfUml0b3JYUElKQmd3cGRfZmN2U002R0hjSDVqeFFtVUJqRENR?oc=5,2025-11-13 08:00:00,Fierce Network
Nvidia’s 6G path will save us from 3GPP’s technology tyranny - SDxCentral,https://news.google.com/rss/articles/CBMiogFBVV95cUxPTDJ2T1Y5X3dpX0tHR2tPT19lbXpaQUpyTUxyVThsc2gyNVg5cTc3aUF1R2prZjV1c0dVb3piaUdlNWhwZFZtSXA2aVFZa0pvQ0dBa3pIcllOZmk4enZPZ1BtUFNWZ2hVc3ppejZEdlNxUjMydFhUVjl4eWdQd0JEdDh5OVlJdjBkaThBWmdQX01DcXRNZm4xcHJoYm9iaHBoTGc?oc=5,2025-10-29 07:00:00,SDxCentral
ETSI sets new course for 6G sensing studies - Light Reading,https://news.google.com/rss/articles/CBMigAFBVV95cUxNNld2RWc1TFpBWGpIY2V0NXdDQnYtOFp0VzM4Nk05TzZwUWZjQy1HbUg1alRkX2p3dkg5bHFhVEpVRVpEbXFJYk42d2drRklENE0zZnhuVHhIN2RtQXc0T0tGQlVMR1JNTnB5S0ZHcF94R1dId1FuQy1XMk0xdjNPNA?oc=5,2025-11-04 08:00:00,Light Reading
6G: Your passport to the immersive experience revolution - Nokia,https://news.google.com/rss/articles/CBMiiwFBVV95cUxQaXJ3ODBSR0V1X0FCbFFtZGdISXhQTHRqUF94bkNPd21vS251bXRsNUJwNzNGdjNUWHhfbGNDdGdrQjNsOHdpOGNOSFc0ZlNYU0htaVVBUllGUDFQVVZuUnJjeE9MWUhqNF8wT2dNaUcxMGM2RTkyMnBZUjBuTDNOVkxqVlFCQXJ5MWs4?oc=5,2025-10-27 07:00:00,Nokia
Should telcos stay the course on 5G SA or shift focus to 6G? - TMForum - Inform,https://news.google.com/rss/articles/CBMiqwFBVV95cUxOR1NoOHAzcHRpeEI5WUxxOVh4YzNBQ2hLdHpFbWY4YklyQW1jTEZFYVBRdk5uTG5jeG5UcHNYMjZkcFFfYjNISW16YU9KVTJxaW5hRmc0YnpSZUdUaDVpNTZ5LTI2RzAtQkt2OGRieUVzcm9FSy1heDhXQURwNGVEaThtSFVqdlF5OTRjaFdYSU92SnQ3YWQ4R21sM0tXMF95TWUwSEV0dXY4NEE?oc=5,2025-12-19 08:00:00,TMForum - Inform
6G - Samsung Global Newsroom,https://news.google.com/rss/articles/CBMiSkFVX3lxTE9rQ21YSVREbmxZOE1BZnh3cEVQYkdPVVpoOHRsODlJMGRVNDl2Z0hPVVBaZ21vaDdzVGZCMTlzNlcxMzNyNjhhRmxB?oc=5,2025-10-20 08:28:59,Samsung Global Newsroom
European Researchers Develop AI-Native Wireless Networks With NVIDIA 6G Research Portfolio - NVIDIA Blog,https://news.google.com/rss/articles/CBMiXkFVX3lxTE9ROUtGT1ZNemhadFE5SjNScmlBRnhMckVNREE0VC1TNlRwYTBKZk5WRVJvMWpQdldCMWNySXlaM2Q1Nm5aeHNWYzlBRFBHaERqRXhDbHRYc280Y3Nma2c?oc=5,2025-06-11 08:00:00,NVIDIA Blog
Empowering next-generation user experiences and services at scale with 6G - RCR Wireless News,https://news.google.com/rss/articles/CBMiaEFVX3lxTE9xVnhCbHNxaWR0OENsQUhpdmJsVXhpdlk5VXhRWWptQmVSc05YR1p3VS1TcXY5SmtrQ0lqczhYWThzSUQzbHFJTWpVS3A5Zkp4ckhmU1JZLUgwNDJZaHZ5YmxRYTg4SnNr?oc=5,2025-09-05 08:00:00,RCR Wireless News
Trump wants the US to lead on 6G. Here's when Australia could get it - Australian Broadcasting Corporation,https://news.google.com/rss/articles/CBMipwFBVV95cUxQbkJodzhRaVNpQUI2U2I0TXhFMVRUSmFqalpQVHJ3RXBiUjl6UDByVmFLczh0MmVjSVNRbm40eVVRUHM0Z280TGlienkzX3BncW9RdTdlTmVIeUhfVHZfNFB6SFU3ZEJaWnB0dWVPOHpRak9rS2xLRmhJS2tzMXNlckctZWJKdG1MUThMX2wwQUZIQjlfZWtKdHJYTmZfQ2c0aDFuWllrOA?oc=5,2025-12-23 08:00:00,Australian Broadcasting Corporation
Scalable approach to 6G wireless offers speed and reliability - Tech Xplore,https://news.google.com/rss/articles/CBMiigFBVV95cUxPajl2NWswY2pGSTUyaFRMTm13dkZ3c2VPanN1OXFJQk8ybWJVY0lzQU1xeF9OcnFnMUJGTjRQSFZPS05EQ2F4b2k5cWdmR1l3Y1NhVG5ONjY2cXdZRENkb1M3WHA5UzVHUG9wbTZrX1NqYUxWZ2hvSzhNYlE5bEExSTV1UlNfR00zcHc?oc=5,2025-10-29 07:00:00,Tech Xplore
Photonic processor could streamline 6G wireless signal processing - MIT News,https://news.google.com/rss/articles/CBMinAFBVV95cUxQR295TFZ6THo3RDYwZV9wQnA2YW9iZkpieS0wRXdBVmVMNHQ5Z3VQM2Q4LXZvTXQxOUh5cHVkbkVHS0dtNTR5MWU1RXZ6X1MyWVFQZ0JBQW5zMEVyS3F2MDJPX3p2cTJ1VXJBNWcxVEFrT0pfbnlqRkRtR0JGTXR6TmhBZlZweXRtaHlqcC1sMzZmX2xyWG1teHp6MUg?oc=5,2025-06-11 08:00:00,MIT News
6G: The time for global alignment is now! - Innovation News Network,https://news.google.com/rss/articles/CBMijAFBVV95cUxPQW94d3hTSUlDQkl0WTNHazdscEZ0R3BfMXQwRl9GUjVPcXNYN3RpNmxYQ1JIVlNlbEltLWNwSmlzU3RwNVF5ZDhkQkJYVmNCa2s3Z3NueDV2bDdSVmhua3RpN3VJTmNTaVlxSk5CbjNIWmtITmVtZGhjak5NV1lpXzBVSDZ5X3NYSktENw?oc=5,2025-12-01 15:29:55,Innovation News Network
Betting on the right 6G technologies (Analyst Angle) - RCR Wireless News,https://news.google.com/rss/articles/CBMid0FVX3lxTE5OY3dINkljalF2Sll3WHBkS1JURE1ZV05XekxLbEVGS21ETDRlc1BKcFdxaGNmRDhpSXg2UFNMOUk0Q1BEYzZDY0FFV1VfeHpWTmxOR2s2ZkFsa3NtanhPVmNVMGNRaFFENTFWUDFCaVVqQzhuaUxj?oc=5,2025-09-16 08:00:00,RCR Wireless News
6G will put satellite connectivity in every smartphone and device - Nokia,https://news.google.com/rss/articles/CBMimAFBVV95cUxQbHFVZE1fTUR4NHpnZ1l6ZXV0X0NxdHdPQkdWSmw1SzczT0o5SFIyYlBmTi03cGtQZkZqcGhMTHpGVDI0S1ZBbFdpbHpSd0laNHk3U2dvb2FnbmgyanJtV0pGMzBkYjZqc3hvQ0lDa2lyaXpFS2ktdF9mQ2xIVmRoQko0RXdGcGwyN1NCN3EzUHVZTm9fZk1pXw?oc=5,2025-09-05 08:00:00,Nokia
Keysight and KT SAT Pioneer 6G Connectivity with First Successful Multi-Orbit Satellite Handover - news.satnews.com,https://news.google.com/rss/articles/CBMizgFBVV95cUxNODNCNmhNUmZILV9jMkJUS0wzNjI3RzZMMWZEZXpEVEZlYjJIMkVJdW41c3lzQXZpQVpnT0lMeHgzcmNUWFFYRERRQWlob09wdXVWMHE3V3AwZVBvMWlCWWlCV1F6ZGZhWldRZmRMQ1BGSTBKdzlvdVlQQWpHOGY1SERGNmZYQmdla25Nc3k3eDBLZ2Fhd3hxMjlZUHplSGU2bXhzSlZGNFctT290WDJnQ1V6Vkc4WEFQclZyZE9rTW5oRFZrNXVwMnRjakdZQQ?oc=5,2025-12-13 08:00:00,news.satnews.com
What could a secure 6G network look like? - Help Net Security,https://news.google.com/rss/articles/CBMikAFBVV95cUxNRFdYYUI4bHpwdHRxUTNSaEk4ZVpUYUgxZmswSEo5R01nakRHVHByblVBX1EzUWFEMHIybmNIVUFRZEVEX0NuSTkxd2czeGVvcGYtamg5NmlMYjN4SjJxU0ZZNXZQcDc5ZnRyVHlFV3VLNDhuV2N2OFk5cjRseHVvODM1TlduTnpmeGRCOWhBZDU?oc=5,2025-09-15 08:00:00,Help Net Security
China's 5G-for-drones and 6G appetite is the envy of Ericsson - Light Reading,https://news.google.com/rss/articles/CBMimAFBVV95cUxQdS1ya09yQ1ZJOGxWcUVaYnhQT3hTZmxfa2d1N0gxYm9xbTdncE0wU0dfWk9LYjRFNW5XV0Zyb1RoRnQ4OWgxTGlvSUVKZlNPTExLdV8tVW5jYWhkekhvMjh5RndFeVVzcjhxQjB1al9DbGUwR080SUswY01TaDg0U3dZOXhmaVM2ODN6bFBkc0t6Z1cyYkhEaQ?oc=5,2025-10-21 08:00:00,Light Reading
High-performance quatrefoil-slotted THz MIMO antenna for 6G applications with regression-based machine learning validation - Nature,https://news.google.com/rss/articles/CBMiX0FVX3lxTE9PT0VjSzBCeFNGd2hKdmJPSXlJWEE5Q0w4WVVSUzlmaEpaRnlMY3Y0VDVpM0ZZdjVaUlh2QzBLRUxEcXhsbnhKYVlVZlo1TDJyakhwWHBNbXUtTnlvd1Fv?oc=5,2025-12-08 08:00:00,Nature
Nvidia moves to build AI-native 5G/6G wireless stack for future networks - Network World,https://news.google.com/rss/articles/CBMivwFBVV95cUxNTEdLUklTR09QQ2VRNl8xY2piWkNkWTlCdzFMTWdXUDE4SjA5NDVmV1EyNXZxakJFWGhsRzllT0JkQmlETTVTZkEtajVKZHd3am1XQmswempFMUZFWmktZjJuRHItSDJCV28yXzFxYmc3TkNUSDZuNC1PaEE2ei1WcXpCMzZlZklPb005S3RlOXZBMUwzRnU0SWMzOVFrUFBhdWcxS1U2U0h3UGIzMHVZVUtMdXExS1ZGMk9xSWxtVQ?oc=5,2025-10-29 07:00:00,Network World
"Vietnam unlocks ‘golden’ spectrum for 6G, Wi-Fi 7 - RCR Wireless News",https://news.google.com/rss/articles/CBMiZ0FVX3lxTE5NbXBiZ0JLR1RNRGVMRWotSFRDZ2s2ZHZ4WXI4enQtSi1XQjktWHk4ZGNPcElObk9tUGZaTkFYV1FiUzFhZXpERDY0RlVVRzNIRE1ZT0lQdkd4QjhtaGRVU1FvX3NkcnM?oc=5,2025-10-09 08:00:00,RCR Wireless News
New Telecom Horizons in 2026 with AI and 6G - The Fast Mode,https://news.google.com/rss/articles/CBMilwFBVV95cUxQTkQ3ejd5Vy00amZ5OU9wNDJrV1hjb1dHZnVjMmtyZTRqaWxBY2FUZ2NGR2FUaUFzYmpMZUNxQ0JqMEJtOUtZcnFKSTFKOFJUaTdQOHVfRnZQb1k0YTlqdVowX0hNMGkzYWxmQTk3UG9vZXEyRFRwUmw2SHZZcFpxWkUzS2V5SGJMVDROWmN4UVpQZjhPWVYw?oc=5,2025-12-18 15:35:16,The Fast Mode
Ericsson and Nokia get set for the end of the Gs - Light Reading,https://news.google.com/rss/articles/CBMihwFBVV95cUxNaXVEOTRGc1V1WUxZSUlrLTlQMUU2T0lkT3BUR0Z2ak5WYk4ydTZXMm5KakJVSldjT2xETkh0ZVhidno2ZWxfOTZTUmgtSm5pSGJhTE93ZkY5R0NnRGNtYnA0QjdJeTdTRU1uZHNPMjcyM1RnMTU0VWhtMkNYcTd4T1ZlenB2QlU?oc=5,2025-12-09 08:00:00,Light Reading
The 6G status now - Fierce Network,https://news.google.com/rss/articles/CBMiY0FVX3lxTE0xcGFkVTlGdnprNGdYeHc3UkNEeHVFempfQlFpMlJlb0ZTS0tUNmRES0FUbEFDS05BT2dJSXpQVS02TnlDXzVDYzRKZnhWRmFib0FhRkpHcVVRMHZvOExPRENYYw?oc=5,2025-10-29 07:00:00,Fierce Network
Germany to Ban Huawei From Future 6G Network in Sovereignty Push - Bloomberg.com,https://news.google.com/rss/articles/CBMitgFBVV95cUxQZmFWRGtKandYNi1sZE5TZ2Q0dWgzdENOdzRJTF9RdHRCUWliclJvdWdlS0hkZ050YXRQdFBqMTJSa0hQc2E4NnhwcG5YRElBQjFRaUFRNUl2SElMdlJoOTYzRjJaV2RHUnVGdTVCeTJlTXc3TlZUam9qSWk0QlBrREhzQ0xPZjJlWjRxRlpzUWpMcmVzYjM1NUJXempuWWhwdzd4UEJ3NmJQSTh3SjI2dkM2UDZKdw?oc=5,2025-11-13 08:00:00,Bloomberg.com
