id,created_utc,subreddit,author,title,score,num_comments,url,domain
1omrtp0,2025-11-02 20:23:57,networking,InsaneITPerson,5G Business Wireless to Replace EPL,0,10,https://www.reddit.com/r/networking/comments/1omrtp0/5g_business_wireless_to_replace_epl/,self.networking
9gkmt7,2018-09-17 14:10:16,networking,elzaphany,Is it too early to talk about 6G?,0,5,https://www.reddit.com/r/networking/comments/9gkmt7/is_it_too_early_to_talk_about_6g/,self.QLCChain
7j2l7h,2017-12-11 14:43:28,networking,HalifaxSamuels,RF Spectrum Analyzer Recommendations,4,10,https://www.reddit.com/r/networking/comments/7j2l7h/rf_spectrum_analyzer_recommendations/,self.networking
4ab7pi,2016-03-14 02:12:58,networking,Xn4p4lm,DNS server IP address is being sent in reverse order,76,73,https://www.reddit.com/r/networking/comments/4ab7pi/dns_server_ip_address_is_being_sent_in_reverse/,self.networking
43eubr,2016-01-30 16:58:25,networking,seedninja,"10G Transit uplink: Not pushing more than 2.5Gbps; Various switches attempted, latest ultra deep packet buffers",50,68,https://www.reddit.com/r/networking/comments/43eubr/10g_transit_uplink_not_pushing_more_than_25gbps/,self.networking
2ir7p5,2014-10-09 13:09:07,networking,ibetyouvotenexttime,VLAN trouble,7,9,https://www.reddit.com/r/networking/comments/2ir7p5/vlan_trouble/,self.networking
1pckx9t,2025-12-02 21:21:27,telecom,IEEESpectrum,Capacity Limits in 5G Prompt a 6G Focus on Infrastructure,3,1,https://www.reddit.com/r/telecom/comments/1pckx9t/capacity_limits_in_5g_prompt_a_6g_focus_on/,spectrum.ieee.org
1pbk90c,2025-12-01 18:16:01,telecom,Simple_Gur_7652,so now scientists have created 6g chips and have launched a shitcoin around it ?,0,9,https://www.reddit.com/r/telecom/comments/1pbk90c/so_now_scientists_have_created_6g_chips_and_have/,self.telecom
1ok422d,2025-10-30 16:16:04,telecom,Cow_cat11,NVIDIA and Nokia teaming up for “AI-powered 6G”  How realistic is this when 5G still feels half-baked in the U.S.?,21,29,https://www.reddit.com/r/telecom/comments/1ok422d/nvidia_and_nokia_teaming_up_for_aipowered_6g_how/,self.telecom
1n3cwsw,2025-08-29 16:59:40,telecom,IEEESpectrum,6G Wireless Networks to Use Satellites as Base Stations,7,3,https://www.reddit.com/r/telecom/comments/1n3cwsw/6g_wireless_networks_to_use_satellites_as_base/,spectrum.ieee.org
1mtgj13,2025-08-18 08:45:37,telecom,Delicious_Garden5795,Trying to build a tool to generate synthetic 6G signal + image datasets,2,3,https://www.reddit.com/r/telecom/comments/1mtgj13/trying_to_build_a_tool_to_generate_synthetic_6g/,self.telecom
1m40ud2,2025-07-19 16:45:23,telecom,Choobeen,Analog repeaters could be the key to practical mmWave deployment,3,0,https://www.reddit.com/r/telecom/comments/1m40ud2/analog_repeaters_could_be_the_key_to_practical/,techxplore.com
1k8ij62,2025-04-26 17:37:33,telecom,trainermade,Is telco dead?,19,53,https://www.reddit.com/r/telecom/comments/1k8ij62/is_telco_dead/,self.telecom
1jhfkc7,2025-03-22 18:47:48,telecom,Big-Flounder7196,Shifting to wireless?,2,6,https://www.reddit.com/r/telecom/comments/1jhfkc7/shifting_to_wireless/,self.telecom
1j0bvp0,2025-02-28 16:34:48,telecom,Capital-Wing-6349,The Future of 6G: What Comes Next in Wireless Technology?,4,0,https://www.reddit.com/r/telecom/comments/1j0bvp0/the_future_of_6g_what_comes_next_in_wireless/,chathura.co.uk
1f1trlk,2024-08-26 17:20:16,telecom,Deepspacecow12,Why do cellular networks split up the rf and core and why does the core seem to get more complicated every generation?,9,0,https://www.reddit.com/r/telecom/comments/1f1trlk/why_do_cellular_networks_split_up_the_rf_and_core/,self.telecom
17gf5b9,2023-10-25 21:08:32,telecom,subwaytacomen,I can never escape from this string,15,8,https://www.reddit.com/r/telecom/comments/17gf5b9/i_can_never_escape_from_this_string/,i.redd.it
11qnu7b,2023-03-13 22:20:37,telecom,Aerothermal,"UK Research and Innovation has Invested £6 Million into The TITAN Project, bringing together 17 Universities, Industry and Government, for transformative research into 6g, Cloud Computing, and Future Communication Networks",5,1,https://www.reddit.com/r/telecom/comments/11qnu7b/uk_research_and_innovation_has_invested_6_million/,ukri.org
stwoz6,2022-02-16 14:04:48,telecom,ezekiel25-17,"The Telecoms.com Podcast on consolidation, 6G and online safety",3,0,https://www.reddit.com/r/telecom/comments/stwoz6/the_telecomscom_podcast_on_consolidation_6g_and/,telecoms.com
pkz39b,2021-09-09 14:38:49,telecom,ezekiel25-17,"The Telecoms.com podcast on Vodafone, 6G and AWS",6,0,https://www.reddit.com/r/telecom/comments/pkz39b/the_telecomscom_podcast_on_vodafone_6g_and_aws/,telecoms.com
mhdh3n,2021-03-31 19:17:38,telecom,ezekiel25-17,"The Telecoms.com podcast on semiconductors, 6G and social media",2,3,https://www.reddit.com/r/telecom/comments/mhdh3n/the_telecomscom_podcast_on_semiconductors_6g_and/,telecoms.com
aewv08,2019-01-11 16:10:43,telecom,TommyAdagio,"One day we'll need quantum technologies to manage Internet demands. Let's go ahead and slap a ""6G"" label on it now.",3,0,https://www.reddit.com/r/telecom/comments/aewv08/one_day_well_need_quantum_technologies_to_manage/,lightreading.com
1q53q70,2026-01-06 00:45:26,rfelectronics,Sad-Spread3290,NEW RF BOOK - Understanding RF: From Theory to Practice (TABLE OF CONTENTS),30,4,https://www.reddit.com/r/rfelectronics/comments/1q53q70/new_rf_book_understanding_rf_from_theory_to/,reddit.com
1pa6v6a,2025-11-30 02:30:44,rfelectronics,pravella2,https://premsnotes.substack.com/p/the-rf-week-nokias-strategic-shift,0,0,https://www.reddit.com/r/rfelectronics/comments/1pa6v6a/httpspremsnotessubstackcomptherfweeknokiasstrategi/,self.rfelectronics
1on4308,2025-11-03 05:57:06,rfelectronics,Educational_Tip3880,Need help choosing a specialization in Communication and Information Technology (Germany) — job scope and long-term demand,3,3,https://www.reddit.com/r/rfelectronics/comments/1on4308/need_help_choosing_a_specialization_in/,self.rfelectronics
1o0tjml,2025-10-07 22:35:09,rfelectronics,mdklop,What is your take on 6G Research for RFIC/MMIC design and its implementation in reality by the companies for consumer use ?,23,25,https://www.reddit.com/r/rfelectronics/comments/1o0tjml/what_is_your_take_on_6g_research_for_rficmmic/,self.rfelectronics
1nbujeb,2025-09-08 17:45:36,rfelectronics,Tacofan5567,Resume/career advice for a junior interested in RF/Signal Processing/telecommunications,2,1,https://www.reddit.com/r/rfelectronics/comments/1nbujeb/resumecareer_advice_for_a_junior_interested_in/,self.rfelectronics
1n8dcbm,2025-09-04 15:29:20,rfelectronics,jhansonxi,"Scientists develop the world's first 6G chip, capable of 100 Gbps speeds",92,34,https://www.reddit.com/r/rfelectronics/comments/1n8dcbm/scientists_develop_the_worlds_first_6g_chip/,techxplore.com
1m89enw,2025-07-24 16:41:41,rfelectronics,3ric15,Low-cost Fab Stackup for RF,6,16,https://www.reddit.com/r/rfelectronics/comments/1m89enw/lowcost_fab_stackup_for_rf/,self.rfelectronics
1g3oruq,2024-10-14 19:43:12,rfelectronics,InDetail169,Reverse biased Schottky diode in output path?,3,10,https://www.reddit.com/r/rfelectronics/comments/1g3oruq/reverse_biased_schottky_diode_in_output_path/,self.rfelectronics
1ffz7gt,2024-09-13 16:38:08,rfelectronics,Chipdoc,To 6G and Beyond: Penn Engineers Unlock the Next Generation of Wireless Communications -,0,1,https://www.reddit.com/r/rfelectronics/comments/1ffz7gt/to_6g_and_beyond_penn_engineers_unlock_the_next/,blog.seas.upenn.edu
1b29uvz,2024-02-28 16:14:59,rfelectronics,RFrog24,Is anyone familiar with using the Equation Editor on S-Parameter traces with a Keysight VNA?,3,2,https://www.reddit.com/r/rfelectronics/comments/1b29uvz/is_anyone_familiar_with_using_the_equation_editor/,self.rfelectronics
13xotp1,2023-06-01 18:09:16,rfelectronics,Unique-School-5536,Job offer choice as RF engineer,0,21,https://www.reddit.com/r/rfelectronics/comments/13xotp1/job_offer_choice_as_rf_engineer/,self.rfelectronics
yv2715,2022-11-14 15:10:36,rfelectronics,Accomplished_Rate436,RFExplorer 6G+ High Noise Level from 5.2Ghz,4,8,https://www.reddit.com/r/rfelectronics/comments/yv2715/rfexplorer_6g_high_noise_level_from_52ghz/,i.redd.it
whytvh,2022-08-06 21:32:19,rfelectronics,jimmy58743,"Spectrum Analyzer Advice - Spend $3k or less (used), Portable",8,19,https://www.reddit.com/r/rfelectronics/comments/whytvh/spectrum_analyzer_advice_spend_3k_or_less_used/,self.rfelectronics
svqi68,2022-02-18 19:40:30,rfelectronics,TheCuriousTarget,"One day my RF exposure was 3 times higher than any other day, in my electrosmart app, from spending 30 minutes at my parents' house. I have a 6G router, set to performance and it is not as powerful as their 3 eero nodes and cable router. Should they be sleeping in a bedroom with those devices?",0,55,https://www.reddit.com/r/rfelectronics/comments/svqi68/one_day_my_rf_exposure_was_3_times_higher_than/,i.redd.it
or8qpq,2021-07-25 09:48:32,rfelectronics,Simuo,RF spectrum analyzer recommendation for personal lab use,7,9,https://www.reddit.com/r/rfelectronics/comments/or8qpq/rf_spectrum_analyzer_recommendation_for_personal/,self.rfelectronics
mie6n2,2021-04-02 06:01:11,rfelectronics,EMArsenalguy,PhD position at Georgia Tech or UToronto?,3,2,https://www.reddit.com/r/rfelectronics/comments/mie6n2/phd_position_at_georgia_tech_or_utoronto/,self.rfelectronics
5hfcnc,2016-12-09 18:20:01,rfelectronics,Uleoja,RF radiation/exposure detector?,8,13,https://www.reddit.com/r/rfelectronics/comments/5hfcnc/rf_radiationexposure_detector/,self.rfelectronics
1oyyndg,2025-11-16 22:05:57,hardware,narwi,"Chancellor Merz: ""Will not allow components from China in 6G network""",334,106,https://www.reddit.com/r/hardware/comments/1oyyndg/chancellor_merz_will_not_allow_components_from/,heise.de
1imoqlb,2025-02-11 03:02:26,hardware,New_Amomongo,IEEE: It’s Time To Rethink 6G,23,86,https://www.reddit.com/r/hardware/comments/1imoqlb/ieee_its_time_to_rethink_6g/,spectrum.ieee.org
1ewbaoy,2024-08-19 19:51:56,hardware,Voodoo2-SLi,AMD Ryzen 9000 Meta Review: 20 launch reviews compared,454,126,https://www.reddit.com/r/hardware/comments/1ewbaoy/amd_ryzen_9000_meta_review_20_launch_reviews/,self.hardware
11h2std,2023-03-03 14:57:58,hardware,giuliomagnifico,"Targeting 6G, “World’s First” Compact Amplifier IC Breaks 100 GHz",322,59,https://www.reddit.com/r/hardware/comments/11h2std/targeting_6g_worlds_first_compact_amplifier_ic/,allaboutcircuits.com
10njy87,2023-01-28 17:06:57,hardware,Dakhil,"University of Sheffield: ""3D-printed radio antennas could bring 5G and 6G to remote communities""",7,4,https://www.reddit.com/r/hardware/comments/10njy87/university_of_sheffield_3dprinted_radio_antennas/,sheffield.ac.uk
y5h1hf,2022-10-16 13:37:22,hardware,Voodoo2-SLi,nVidia GeForce RTX 4090 Meta Review,895,273,https://www.reddit.com/r/hardware/comments/y5h1hf/nvidia_geforce_rtx_4090_meta_review/,self.hardware
tjxbwp,2022-03-22 07:18:48,hardware,Nekrosmas,Nvidia GTC 2022 Megathread,72,11,https://www.reddit.com/r/hardware/comments/tjxbwp/nvidia_gtc_2022_megathread/,self.hardware
ss2q9i,2022-02-14 05:19:08,hardware,Voodoo2-SLi,nVidia GeForce RTX 3050 meta review: 3k benchmarks from 20 reviews compiled,298,101,https://www.reddit.com/r/hardware/comments/ss2q9i/nvidia_geforce_rtx_3050_meta_review_3k_benchmarks/,self.hardware
lmn4u4,2021-02-18 13:46:48,hardware,userndj,Apple Hiring Engineers to Develop 6G Wireless,22,22,https://www.reddit.com/r/hardware/comments/lmn4u4/apple_hiring_engineers_to_develop_6g_wireless/,bloomberg.com
hkw838,2020-07-04 03:01:15,hardware,Voodoo2-SLi,"Quad-Core Battle: ""Comet Lake"" Core i3 vs. ""Zen 2"" Ryzen 3",82,18,https://www.reddit.com/r/hardware/comments/hkw838/quadcore_battle_comet_lake_core_i3_vs_zen_2_ryzen/,self.hardware
gzpeia,2020-06-09 15:33:00,hardware,Sorin61,OWC Mercury Extreme Pro 6G SSD debuts in up to 4TB,5,0,https://www.reddit.com/r/hardware/comments/gzpeia/owc_mercury_extreme_pro_6g_ssd_debuts_in_up_to_4tb/,newsbreak.com
giu8hg,2020-05-13 07:27:04,hardware,Voodoo2-SLi,Radeon RX 5600 XT: Clock rates overview - 12 &amp; 14 Gbps models,83,4,https://www.reddit.com/r/hardware/comments/giu8hg/radeon_rx_5600_xt_clock_rates_overview_12_14_gbps/,self.hardware
esgwf1,2020-01-22 19:35:23,hardware,Voodoo2-SLi,AMD Radeon RX 5600 XT Performance Meta Review: ~1510 Benchmarks compiled,290,136,https://www.reddit.com/r/hardware/comments/esgwf1/amd_radeon_rx_5600_xt_performance_meta_review/,self.hardware
dpiqxl,2019-10-31 04:49:43,hardware,Voodoo2-SLi,nVidia GeForce GTX 1660 SUPER: Performance Meta Review,146,70,https://www.reddit.com/r/hardware/comments/dpiqxl/nvidia_geforce_gtx_1660_super_performance_meta/,self.hardware
dork62,2019-10-29 15:38:55,hardware,RickiDangerous,MSI GeForce GTX 1660 SUPER GAMING X 6G review,7,0,https://www.reddit.com/r/hardware/comments/dork62/msi_geforce_gtx_1660_super_gaming_x_6g_review/,guru3d.com
ctflkp,2019-08-21 11:37:32,hardware,WiteXDan,Huananzhi Gtx 1660 Have anyone heard of that?,24,11,https://www.reddit.com/r/hardware/comments/ctflkp/huananzhi_gtx_1660_have_anyone_heard_of_that/,self.hardware
cjn2vc,2019-07-30 05:13:22,hardware,bizude,100 GHz Wireless Transceiver Takes Chip into Realms of 6G,87,45,https://www.reddit.com/r/hardware/comments/cjn2vc/100_ghz_wireless_transceiver_takes_chip_into/,eetimes.com
bldzh2,2019-05-06 16:03:07,hardware,Voodoo2-SLi,nVidia GeForce GTX 1650 Meta Review: ~1100 benchmarks compiled from 18 launch reviews,339,132,https://www.reddit.com/r/hardware/comments/bldzh2/nvidia_geforce_gtx_1650_meta_review_1100/,self.hardware
b77uxp,2019-03-30 06:02:19,hardware,Voodoo2-SLi,GeForce GTX 1660 Meta Review: ~1780 benchmarks compiled from 18 launch reviews,238,137,https://www.reddit.com/r/hardware/comments/b77uxp/geforce_gtx_1660_meta_review_1780_benchmarks/,self.hardware
b1028n,2019-03-14 13:01:12,hardware,dylan522p,GTX 1660 Review Megathread,297,320,https://www.reddit.com/r/hardware/comments/b1028n/gtx_1660_review_megathread/,self.hardware
awdo2y,2019-03-02 04:06:34,hardware,Voodoo2-SLi,nVidia GeForce GTX 1660 Ti Meta Review: ~1560 benchmarks compiled from 18 launch reviews,261,136,https://www.reddit.com/r/hardware/comments/awdo2y/nvidia_geforce_gtx_1660_ti_meta_review_1560/,self.hardware
9rn9ax,2018-10-26 18:22:07,hardware,UnpronounceablePing,GDDR5X-based Gigabyte GTX 1060 G1 Gaming D5X 6G revealed,64,44,https://www.reddit.com/r/hardware/comments/9rn9ax/gddr5xbased_gigabyte_gtx_1060_g1_gaming_d5x_6g/,overclock3d.net
5m93ns,2017-01-05 21:10:46,hardware,jonijs,ZEN base t 3.6G,113,25,https://www.reddit.com/r/hardware/comments/5m93ns/zen_base_t_36g/,reddit.com
40pp8t,2016-01-13 01:49:37,hardware,pmow,"USB Controllers, food for thought",60,26,https://www.reddit.com/r/hardware/comments/40pp8t/usb_controllers_food_for_thought/,self.hardware
3bmqi0,2015-06-30 13:50:57,hardware,FishPhoenix,Guru3d Review: MSI GTX 980 TI Gaming 6G,69,53,https://www.reddit.com/r/hardware/comments/3bmqi0/guru3d_review_msi_gtx_980_ti_gaming_6g/,guru3d.com
38qp20,2015-06-06 00:26:07,hardware,JustineCase69,More Details on the MSI GTX 980 Ti GAMING 6G and Lightning,16,22,https://www.reddit.com/r/hardware/comments/38qp20/more_details_on_the_msi_gtx_980_ti_gaming_6g_and/,guru3d.com
38ck6e,2015-06-03 09:58:27,hardware,snarfiking,Evga-GTX-980-Ti-SC-ACX overclocking?,3,24,https://www.reddit.com/r/hardware/comments/38ck6e/evgagtx980tiscacx_overclocking/,self.hardware
15du75,2012-12-24 18:41:57,hardware,openmikes,Can you mix a Marvell controller SSD and Sandforce controller SSD?,2,4,https://www.reddit.com/r/hardware/comments/15du75/can_you_mix_a_marvell_controller_ssd_and/,self.hardware
13am8b,2012-11-16 11:48:59,hardware,ggabriele3,Liquid cooling question for a small case,1,11,https://www.reddit.com/r/hardware/comments/13am8b/liquid_cooling_question_for_a_small_case/,self.hardware
zbv5i,2012-09-04 10:17:59,hardware,korhojoa,Looking for suggestions on what to do with some old servers and random hardware,4,13,https://www.reddit.com/r/hardware/comments/zbv5i/looking_for_suggestions_on_what_to_do_with_some/,self.hardware
oli50,2012-01-17 22:49:34,hardware,MIDItheKID,Question about a RAID tower setup.,1,7,https://www.reddit.com/r/hardware/comments/oli50/question_about_a_raid_tower_setup/,self.hardware
ljcgy,2011-10-21 00:27:34,hardware,mertesn,An SSD brand you might not be familiar with. Mercury Electra 6G SSD review,6,1,https://www.reddit.com/r/hardware/comments/ljcgy/an_ssd_brand_you_might_not_be_familiar_with/,tech.icrontic.com
kpmjc,2011-09-24 00:38:42,hardware,marshull,"mobo is kaput (i think), what can I use for a replacement?",2,3,https://www.reddit.com/r/hardware/comments/kpmjc/mobo_is_kaput_i_think_what_can_i_use_for_a/,self.hardware
hxfri,2011-06-11 23:23:43,hardware,mycall,Looking to buy a new drive for vmware workstation...,2,10,https://www.reddit.com/r/hardware/comments/hxfri/looking_to_buy_a_new_drive_for_vmware_workstation/,self.hardware
h5bgn,2011-05-06 02:33:47,hardware,chaud,OWC Mercury Extreme Pro 6G SSD Review (120GB),1,1,https://www.reddit.com/r/hardware/comments/h5bgn/owc_mercury_extreme_pro_6g_ssd_review_120gb/,anandtech.com
c9hjb,2010-05-29 23:11:40,hardware,lhavelund,Asus Rampage II/GENE and Kingston KVR1333D3N9K3/6G - Only detecting 4088MB,8,9,https://www.reddit.com/r/hardware/comments/c9hjb/asus_rampage_iigene_and_kingston_kvr1333d3n9k36g/,self.hardware
anddt,2010-01-09 01:23:18,hardware,acegibson,Ask Hardware: Neglected Laptop Acting Buggy,4,6,https://www.reddit.com/r/hardware/comments/anddt/ask_hardware_neglected_laptop_acting_buggy/,self.hardware
1ozginn,2025-11-17 13:38:57,technology,waozen,Germany to Ban Huawei From Future 6G Network in Sovereignty Push,313,61,https://www.reddit.com/r/technology/comments/1ozginn/germany_to_ban_huawei_from_future_6g_network_in/,bloomberg.com
1oj8yq6,2025-10-29 16:20:03,technology,TommyAdagio,"Nvidia's Jensen Huang said he wished the company's $1B Nokia investment had been $2 billion. ""A lot of it is just chemistry,"" said Huang when asked why the company invested in Nokia and not another vendor. He also said Nvidia plans to help the US lead 6G.",3,1,https://www.reddit.com/r/technology/comments/1oj8yq6/nvidias_jensen_huang_said_he_wished_the_companys/,fierce-network.com
1npdzb2,2025-09-24 14:42:11,technology,dapperlemon,Tired of 5G? Qualcomm Says 6G Will Be Here By 2028,666,371,https://www.reddit.com/r/technology/comments/1npdzb2/tired_of_5g_qualcomm_says_6g_will_be_here_by_2028/,gizmodo.com
1nj9twl,2025-09-17 10:52:14,technology,Vailhem,New Antennas And Advanced ICs Needed For 6G,4,3,https://www.reddit.com/r/technology/comments/1nj9twl/new_antennas_and_advanced_ics_needed_for_6g/,semiengineering.com
1n84bgs,2025-09-04 08:12:37,technology,Vailhem,"Scientists develop the world's first 6G chip, capable of 100 Gbps speeds",206,33,https://www.reddit.com/r/technology/comments/1n84bgs/scientists_develop_the_worlds_first_6g_chip/,techxplore.com
1n38myq,2025-08-29 14:16:02,technology,BurstYourBubbles,China unveils world’s first ‘all-frequency’ 6G chip capable of 100Gbps speeds,474,100,https://www.reddit.com/r/technology/comments/1n38myq/china_unveils_worlds_first_allfrequency_6g_chip/,scmp.com
1khq0sp,2025-05-08 13:23:40,technology,polandballbounces,China Is Still Winning the Battle for 5G—and 6G: America Must Do More to Compete With Huawei,108,43,https://www.reddit.com/r/technology/comments/1khq0sp/china_is_still_winning_the_battle_for_5gand_6g/,foreignaffairs.com
1jgl4ik,2025-03-21 16:36:46,technology,evilp8ntballer7,Wiresless Computing beyond 6G,10,6,https://www.reddit.com/r/technology/comments/1jgl4ik/wiresless_computing_beyond_6g/,news.vt.edu
1itlrwc,2025-02-20 00:49:49,technology,Logical_Welder3467,"Mobile operators brace for bigger, faster headaches with 6G",19,13,https://www.reddit.com/r/technology/comments/1itlrwc/mobile_operators_brace_for_bigger_faster/,theregister.com
1gxvhsb,2024-11-23 09:01:35,technology,Vailhem,6G: Learning from the mistakes of past Gs,11,17,https://www.reddit.com/r/technology/comments/1gxvhsb/6g_learning_from_the_mistakes_of_past_gs/,lightreading.com
1gj9j3q,2024-11-04 08:22:25,technology,Vailhem,Everything You Need To Know About The Future Of 6G Data,0,24,https://www.reddit.com/r/technology/comments/1gj9j3q/everything_you_need_to_know_about_the_future_of/,slashgear.com
1g7dtug,2024-10-19 17:20:25,technology,Vailhem,'It's whatever you want it to be' — Creating and defining 6G use cases,1,0,https://www.reddit.com/r/technology/comments/1g7dtug/its_whatever_you_want_it_to_be_creating_and/,rcrwireless.com
1g60ep0,2024-10-17 20:21:13,technology,EGKW,"6G tests reach a blisteringly quick 938 Gb/s transmission rate, 5000X faster than 5G",169,99,https://www.reddit.com/r/technology/comments/1g60ep0/6g_tests_reach_a_blisteringly_quick_938_gbs/,tomshardware.com
1g5f67v,2024-10-17 01:10:19,technology,chrisdh79,"938 Gbps: 6G testing hits 9000x 5G speed, could download 20+ movies in a second | The researchers achieved a 938 Gbps transmission data rate with less than a 300 MHz gap between different RF and mm-wave bands.",435,129,https://www.reddit.com/r/technology/comments/1g5f67v/938_gbps_6g_testing_hits_9000x_5g_speed_could/,interestingengineering.com
1g2n6l2,2024-10-13 11:02:59,technology,Vailhem,An early look at what 6G might look like in the US,0,48,https://www.reddit.com/r/technology/comments/1g2n6l2/an_early_look_at_what_6g_might_look_like_in_the_us/,lightreading.com
1fhtqxd,2024-09-16 02:16:20,technology,Vailhem,New 2D metamaterial enhances satellite communication for 6G networks,44,4,https://www.reddit.com/r/technology/comments/1fhtqxd/new_2d_metamaterial_enhances_satellite/,techxplore.com
1fghftf,2024-09-14 08:22:15,technology,Vailhem,"Pentagon readies for 6G, the next of wave of wireless network tech",212,115,https://www.reddit.com/r/technology/comments/1fghftf/pentagon_readies_for_6g_the_next_of_wave_of/,defensenews.com
1f98ino,2024-09-04 23:57:21,technology,Vailhem,On-chip topological beamformer for multi-link terahertz 6G to XG wireless | Aug 2024,10,10,https://www.reddit.com/r/technology/comments/1f98ino/onchip_topological_beamformer_for_multilink/,nature.com
1f4jipt,2024-08-30 01:42:39,technology,Vailhem,Silicon chip propels 6G communications forward,20,6,https://www.reddit.com/r/technology/comments/1f4jipt/silicon_chip_propels_6g_communications_forward/,techxplore.com
1erk59v,2024-08-13 21:57:23,technology,Nexusyak,US and Sweden team to get a handle on 6G,17,18,https://www.reddit.com/r/technology/comments/1erk59v/us_and_sweden_team_to_get_a_handle_on_6g/,fierce-network.com
1cuuetr,2024-05-18 10:36:04,technology,AggressiveForever293,Scientists could make blazing-fast 6G using curving light rays,15,14,https://www.reddit.com/r/technology/comments/1cuuetr/scientists_could_make_blazingfast_6g_using/,livescience.com
1cj84ru,2024-05-03 13:02:12,technology,ossa_bellator,Breakthrough 6G antenna could lead to high-speed communications and holograms,0,15,https://www.reddit.com/r/technology/comments/1cj84ru/breakthrough_6g_antenna_could_lead_to_highspeed/,livescience.com
18uq6jo,2023-12-30 21:24:46,technology,barweis,Mobile industry looks ahead to 6G as 5G evolution continues,1126,249,https://www.reddit.com/r/technology/comments/18uq6jo/mobile_industry_looks_ahead_to_6g_as_5g_evolution/,theregister.com
18j99nx,2023-12-15 20:20:14,technology,Sorin61,Hong Kong develops world's first antenna for ultra-secure 6G / Researchers call it the 'Holy Grail' for physicists and engineers,532,224,https://www.reddit.com/r/technology/comments/18j99nx/hong_kong_develops_worlds_first_antenna_for/,interestingengineering.com
11e2ssd,2023-02-28 10:30:15,technology,iexplode123,"New blueprint for 10Gbps home links, 6G mobile as S’pore gathers speed in digital race",9,1,https://www.reddit.com/r/technology/comments/11e2ssd/new_blueprint_for_10gbps_home_links_6g_mobile_as/,straitstimes.com
xslpmc,2022-10-01 04:12:39,technology,Mynameis__--__,Nokia And Vodafone Look To Pave The Way Forward To 6G,20,4,https://www.reddit.com/r/technology/comments/xslpmc/nokia_and_vodafone_look_to_pave_the_way_forward/,telecoms.com
x3npmh,2022-09-02 00:50:04,technology,Mynameis__--__,Nokia Says It Is Spearheading 6G Conversation in the US,80,47,https://www.reddit.com/r/technology/comments/x3npmh/nokia_says_it_is_spearheading_6g_conversation_in/,capacitymedia.com
w5fwxk,2022-07-22 17:14:36,technology,-Deadlocked-,Nokia to lead German 6G lighthouse project,14,1,https://www.reddit.com/r/technology/comments/w5fwxk/nokia_to_lead_german_6g_lighthouse_project/,evertiq.com
vwnrzu,2022-07-11 17:21:29,technology,Mynameis__--__,Nokia To Lead German 6G Lighthouse Project,4,1,https://www.reddit.com/r/technology/comments/vwnrzu/nokia_to_lead_german_6g_lighthouse_project/,telecomtv.com
v7sjgs,2022-06-08 15:40:17,technology,Mynameis__--__,Japan To Launch 6G Experimental Trials With Nokia,292,68,https://www.reddit.com/r/technology/comments/v7sjgs/japan_to_launch_6g_experimental_trials_with_nokia/,asiatimes.com
v6f1y3,2022-06-06 22:08:04,technology,-Deadlocked-,"It's the 'right time' to prepare for 6G, says Samsung",78,63,https://www.reddit.com/r/technology/comments/v6f1y3/its_the_right_time_to_prepare_for_6g_says_samsung/,rcrwireless.com
v5t8yj,2022-06-06 03:02:47,technology,-Deadlocked-,South Korea to launch a 6G communication prototype in 2026,330,60,https://www.reddit.com/r/technology/comments/v5t8yj/south_korea_to_launch_a_6g_communication/,gizchina.com
v10dis,2022-05-30 13:36:18,technology,GOR098,"6G will hit the market around 2030 amid the expansion of the 'industrial metaverse,' Nokia CEO says",7,34,https://www.reddit.com/r/technology/comments/v10dis/6g_will_hit_the_market_around_2030_amid_the/,news.yahoo.com
uzcylv,2022-05-28 01:38:09,technology,Mynameis__--__,"Nokia Boss Predicts When We Will Move Away From Smartphones, and The Arrival of 6G",408,208,https://www.reddit.com/r/technology/comments/uzcylv/nokia_boss_predicts_when_we_will_move_away_from/,businesstech.co.za
tl1gxp,2022-03-23 17:01:00,technology,nonaime7777777,Japan moving beyond 5G to take 6G lead,2674,388,https://www.reddit.com/r/technology/comments/tl1gxp/japan_moving_beyond_5g_to_take_6g_lead/,asiatimes.com
sobypk,2022-02-09 12:02:13,technology,Sorin61,Farewell 5G - here's how the US is going become a 6G superpower,29,97,https://www.reddit.com/r/technology/comments/sobypk/farewell_5g_heres_how_the_us_is_going_become_a_6g/,techradar.com
s9dkey,2022-01-21 15:41:26,technology,Mynameis__--__,Nokia Details What It Reckons The Point Of 6G Will Be,13,1,https://www.reddit.com/r/technology/comments/s9dkey/nokia_details_what_it_reckons_the_point_of_6g/,telecoms.com
rrg12t,2021-12-29 19:13:38,technology,nexusloops,Researchers offer future 6G network concept.,2,7,https://www.reddit.com/r/technology/comments/rrg12t/researchers_offer_future_6g_network_concept/,techxplore.com
p86men,2021-08-20 14:43:23,technology,Sorin61,LG sets new record for 6G transmission of data at 100 meters,14,5,https://www.reddit.com/r/technology/comments/p86men/lg_sets_new_record_for_6g_transmission_of_data_at/,techxplore.com
nx6jez,2021-06-11 03:46:29,technology,Sorin61,Latest tests on 6G return surprising results,0,5,https://www.reddit.com/r/technology/comments/nx6jez/latest_tests_on_6g_return_surprising_results/,techxplore.com
n5gcr2,2021-05-05 13:48:59,technology,CeSiteEstDesOrdures,New '6G chip' could download Netflix film in 'less than a blink of the eye',7,5,https://www.reddit.com/r/technology/comments/n5gcr2/new_6g_chip_could_download_netflix_film_in_less/,dailystar.co.uk
mzaju4,2021-04-26 23:02:36,technology,Aerobics111,"China holds 35% of global 6G patents, government report says",18,15,https://www.reddit.com/r/technology/comments/mzaju4/china_holds_35_of_global_6g_patents_government/,protocol.com
mx0io5,2021-04-23 17:30:50,technology,SadgeSadge,US and Japan to jointly invest $4.5bn in next-gen 6G technology race with China,544,49,https://www.reddit.com/r/technology/comments/mx0io5/us_and_japan_to_jointly_invest_45bn_in_nextgen_6g/,asia.nikkei.com
ln62jl,2021-02-19 03:57:30,technology,bored_curator,Apple eyes 6G for new hires,0,1,https://www.reddit.com/r/technology/comments/ln62jl/apple_eyes_6g_for_new_hires/,fiercewireless.com
lfvl28,2021-02-09 05:31:25,technology,Ismail000vg,"Forget 5G, the U.S. and China Are Already Fighting for 6G Dominance",0,4,https://www.reddit.com/r/technology/comments/lfvl28/forget_5g_the_us_and_china_are_already_fighting/,finance.yahoo.com
kryydn,2021-01-06 22:33:13,technology,Langernama,"Major 6G project starts in Europe - The Hexa-X project has 25 members, led by Nokia and Ericsson, to develop technology and strategies in six key areas for next generation 6G networks by 2030",16,1,https://www.reddit.com/r/technology/comments/kryydn/major_6g_project_starts_in_europe_the_hexax/,eenewseurope.com
kbt0xr,2020-12-12 17:31:11,technology,Langernama,Nokia takes reins of 6G project for EU,3,5,https://www.reddit.com/r/technology/comments/kbt0xr/nokia_takes_reins_of_6g_project_for_eu/,goodnewsfinland.com
jz7v87,2020-11-23 01:16:18,technology,myinnerbanjo,China Has Launched the World's First 6G Satellite. We Don't Even Know What 6G Is Yet.,26273,1743,https://www.reddit.com/r/technology/comments/jz7v87/china_has_launched_the_worlds_first_6g_satellite/,popularmechanics.com
jsnbyj,2020-11-12 03:34:50,technology,snooshoe,"A Future Internet for Democracies: Contesting China’s Push for Dominance in 5G, 6G, and the Internet of Everything",16,1,https://www.reddit.com/r/technology/comments/jsnbyj/a_future_internet_for_democracies_contesting/,securingdemocracy.gmfus.org
jqzzd6,2020-11-09 15:48:18,technology,lemonrodeo,China sends satellite in space to test 6G spectrum,17,3,https://www.reddit.com/r/technology/comments/jqzzd6/china_sends_satellite_in_space_to_test_6g_spectrum/,techradar.com
jprfdt,2020-11-07 14:09:11,technology,Jrobah,China sends world's first 6G test satellite into orbit,8,24,https://www.reddit.com/r/technology/comments/jprfdt/china_sends_worlds_first_6g_test_satellite_into/,bbc.com
j3jr2t,2020-10-01 23:28:02,technology,punkthesystem,Huawei and National Security: Lessons for 6G,1,1,https://www.reddit.com/r/technology/comments/j3jr2t/huawei_and_national_security_lessons_for_6g/,rstreet.org
ie1thv,2020-08-21 18:02:30,technology,giuliomagnifico,6G Will Be 100 Times Faster Than 5G—and Now There’s a Chip for It,65,78,https://www.reddit.com/r/technology/comments/ie1thv/6g_will_be_100_times_faster_than_5gand_now_theres/,singularityhub.com
hrmqbo,2020-07-15 12:34:34,technology,Doovester,"Samsung: Expect 6G in 2028, enabling mobile holograms and digital twins",7,0,https://www.reddit.com/r/technology/comments/hrmqbo/samsung_expect_6g_in_2028_enabling_mobile/,venturebeat.com
gw5l45,2020-06-03 23:38:49,technology,panopticon_aversion,Race for 6G: South Korea and China off to early leads,3,6,https://www.reddit.com/r/technology/comments/gw5l45/race_for_6g_south_korea_and_china_off_to_early/,asia.nikkei.com
f1wmaf,2020-02-10 20:47:00,technology,twitterisawesome,Opinion: Think 5G is exciting? Just wait for 6G,0,12,https://www.reddit.com/r/technology/comments/f1wmaf/opinion_think_5g_is_exciting_just_wait_for_6g/,cnn.com
e10pre,2019-11-24 16:34:28,technology,Philo1927,‘We’re only limited by our imagination’: 6G has global brands eyeing immersive entertainment,41,27,https://www.reddit.com/r/technology/comments/e10pre/were_only_limited_by_our_imagination_6g_has/,cnbc.com
cvqy8u,2019-08-26 17:11:03,technology,Starks,Keysight extends beyond 5G with participation in 6G flagship program,3,6,https://www.reddit.com/r/technology/comments/cvqy8u/keysight_extends_beyond_5g_with_participation_in/,fiercewireless.com
ctzbbj,2019-08-22 15:51:58,technology,nevernevernewsfour,Huawei is beginning 6G research — a mobile network that may move far beyond smartphones,0,6,https://www.reddit.com/r/technology/comments/ctzbbj/huawei_is_beginning_6g_research_a_mobile_network/,abc.net.au
cqwjpf,2019-08-15 21:45:43,technology,downvoteforwhy,Huawei starts research on 6G internet,0,8,https://www.reddit.com/r/technology/comments/cqwjpf/huawei_starts_research_on_6g_internet/,cnet.com
at4w25,2019-02-21 16:11:57,technology,AllTechs,"Donald Trump wants 6G in America, presumably because it's one more than 5G",2,14,https://www.reddit.com/r/technology/comments/at4w25/donald_trump_wants_6g_in_america_presumably/,androidpolice.com
at4sym,2019-02-21 16:04:51,technology,HESNTech,"Trump hints at a softer stance on Huawei in a bizarre '6G' tweet, as China trade talks resume",1,5,https://www.reddit.com/r/technology/comments/at4sym/trump_hints_at_a_softer_stance_on_huawei_in_a/,cnbc.com
at4me2,2019-02-21 15:48:56,technology,spsheridan,"Trump calls for 6G cellular technology, because why the heck not",42775,3672,https://www.reddit.com/r/technology/comments/at4me2/trump_calls_for_6g_cellular_technology_because/,techcrunch.com
at4krd,2019-02-21 15:44:59,technology,godofidiots,"‘5G, even 6G’: What is Trump talking about in angry tweet about foreign companies – and is the technology he wants even possible in America?",0,26,https://www.reddit.com/r/technology/comments/at4krd/5g_even_6g_what_is_trump_talking_about_in_angry/,independent.co.uk
at4jt4,2019-02-21 15:42:43,technology,AllTechs,Trump rants that he wants 6G technology in the US and everyone had to point out the obvious,0,9,https://www.reddit.com/r/technology/comments/at4jt4/trump_rants_that_he_wants_6g_technology_in_the_us/,indy100.com
at44hy,2019-02-21 15:04:15,technology,flexbuffstrong,Trump wants 6G technology as soon as possible,0,16,https://www.reddit.com/r/technology/comments/at44hy/trump_wants_6g_technology_as_soon_as_possible/,theverge.com
8ddi3g,2018-04-19 09:56:33,technology,jormaggio,Research on 6G networks underway in Finland,3,1,https://www.reddit.com/r/technology/comments/8ddi3g/research_on_6g_networks_underway_in_finland/,metropolitan.fi
